filename,path,label,patient_id,timepoint,mean_temp,max_temp,std_temp,range_temp,hot_spot_count,temp_gradient,glcm_contrast,glcm_homogeneity,glcm_entropy
R0_0001.png,/content/STANDUP_Database/diabetic/R0/thermal/R0_0001.png,R0,R0_P1,T0,0.06786438601017604,0.9967798594439259,0.20919706813519443,0.9967798594439259,1,10.454852831785848,47.83924567585191,0.9261187410152856,3.6406081087107225
R0_0002.png,/content/STANDUP_Database/diabetic/R0/thermal/R0_0002.png,R0,R0_P1,T10,0.09638660761805272,0.9961147638555122,0.20516622466403406,0.9961147638555122,7,19.09032777511786,44.54708520179747,0.8444687772858647,5.148236742637328
R0_0003.png,/content/STANDUP_Database/diabetic/R0/thermal/R0_0003.png,R0,R0_P2,T0,0.12402060854684399,0.9981328701268706,0.25163051923937924,0.9981328701268706,2,16.23286228221135,65.3949791800155,0.8648515401334875,4.970461433895913
R0_0004.png,/content/STANDUP_Database/diabetic/R0/thermal/R0_0004.png,R0,R0_P2,T10,0.03347605952965103,0.9998313374523597,0.1430256371366122,0.9998313374523597,1,7.785459502612962,25.773622677771588,0.9558927468217912,2.9334744606289256
R0_0005.png,/content/STANDUP_Database/diabetic/R0/thermal/R0_0005.png,R0,R0_P3,T0,0.030295618366183625,0.9999999999595142,0.14065767134709492,0.9999999999595142,1,7.6791530809093995,18.495195387573084,0.9578074400252791,2.90659790628645
R0_0006.png,/content/STANDUP_Database/diabetic/R0/thermal/R0_0006.png,R0,R0_P3,T10,0.0495116491666028,0.9999999999586776,0.159298547654501,0.9999999999586776,1,12.79876270380485,39.73850896861278,0.9191870002125943,3.683791063537389
R0_0007.png,/content/STANDUP_Database/diabetic/R0/thermal/R0_0007.png,R0,R0_P4,T0,0.21825631502139717,0.997899159621937,0.2980576861736187,0.997899159621937,5,22.485316402402578,70.45904067905622,0.7559418291695714,7.052465015771968
R0_0008.png,/content/STANDUP_Database/diabetic/R0/thermal/R0_0008.png,R0,R0_P4,T10,0.15746552881791073,0.9999999999595142,0.23143396913857056,0.9999999999595142,12,18.676038994119843,45.7346252402343,0.7732507334508555,6.613620883511706
R0_0009.png,/content/STANDUP_Database/diabetic/R0/thermal/R0_0009.png,R0,R0_P5,T0,0.22922769552682812,0.9999999999596774,0.31277320348969684,0.9999999999596774,9,28.386309761142623,103.87239750160977,0.7597576878305315,7.241182707191501
R0_0010.png,/content/STANDUP_Database/diabetic/R0/thermal/R0_0010.png,R0,R0_P5,T10,0.20097811534667048,0.9968060394484457,0.282931608842791,0.9968060394484457,10,23.11888623148677,78.90086483024297,0.7792152399491239,6.969609074091145
R0_0011.png,/content/STANDUP_Database/diabetic/R0/thermal/R0_0011.png,R0,R0_P6,T0,0.15371598345538937,0.9999999999591836,0.23757273677225074,0.9999999999591836,8,19.68225805946898,43.967328635493416,0.7942892799538762,6.5268387250314985
R0_0012.png,/content/STANDUP_Database/diabetic/R0/thermal/R0_0012.png,R0,R0_P6,T10,0.0856237568140791,0.999710815459815,0.21447511234249508,0.999710815459815,3,14.728411785465907,54.96684817425079,0.890014359530804,4.327502257331165
R0_0013.png,/content/STANDUP_Database/diabetic/R0/thermal/R0_0013.png,R0,R0_P7,T0,0.10675543784732432,0.9999999999591836,0.21885609416326635,0.9999999999591836,3,16.39819808329366,45.77878763613353,0.8557686703429657,5.209963418239029
R0_0014.png,/content/STANDUP_Database/diabetic/R0/thermal/R0_0014.png,R0,R0_P7,T10,0.08102084610736328,0.999419279866458,0.20835379385272884,0.999419279866458,6,13.494914561715866,48.60646220371889,0.8980520557123379,4.293004867188577
R0_0015.png,/content/STANDUP_Database/diabetic/R0/thermal/R0_0015.png,R0,R0_P8,T0,0.23627746366806468,0.9982507288222288,0.3072201567929951,0.9982507288222288,6,26.888045939403796,81.6528267136513,0.7342825916588525,7.591238022821087
R0_0016.png,/content/STANDUP_Database/diabetic/R0/thermal/R0_0016.png,R0,R0_P8,T10,0.19167001541550124,0.9999999999595142,0.2806633590694099,0.9999999999595142,12,22.35438598271882,61.56802530429708,0.770843468499192,6.882038585338956
R0_0017.png,/content/STANDUP_Database/diabetic/R0/thermal/R0_0017.png,R0,R0_P9,T0,0.20938299293898538,0.9991566874270882,0.3096566590006288,0.9991566874270882,16,24.530803219112723,80.2315422805956,0.7740364396686383,6.693769718744864
R0_0018.png,/content/STANDUP_Database/diabetic/R0/thermal/R0_0018.png,R0,R0_P9,T10,0.22385412780684832,0.9985362997248842,0.2944486259119102,0.9985362997248842,12,26.38835668371363,71.70039237668736,0.7383945977148725,7.519894962292065
R0_0019.png,/content/STANDUP_Database/diabetic/R0/thermal/R0_0019.png,R0,R0_P10,T0,0.26419200974332635,0.9982648929613194,0.33693917820501246,0.9982648929613194,22,24.62196083711291,94.84961563101247,0.7762901293478003,7.050249104955675
R0_0020.png,/content/STANDUP_Database/diabetic/R0/thermal/R0_0020.png,R0,R0_P10,T10,0.18013288341220218,0.9999999999595142,0.2634281977539406,0.9999999999595142,10,20.743481805545688,57.34288917361045,0.7868573738514217,6.567929974162625
R0_0021.png,/content/STANDUP_Database/diabetic/R0/thermal/R0_0021.png,R0,R0_P11,T0,0.1487536026395629,0.9999999999591836,0.23145909599680087,0.9999999999591836,7,20.755610911711944,50.26521460602517,0.815931620129668,6.340638138861812
R0_0022.png,/content/STANDUP_Database/diabetic/R0/thermal/R0_0022.png,R0,R0_P11,T10,0.06726700880305235,0.9999999999596774,0.19851517194219023,0.9999999999596774,2,15.84809976123316,67.16083440103036,0.9088074055194542,3.9031339831941496
R0_0023.png,/content/STANDUP_Database/diabetic/R0/thermal/R0_0023.png,R0,R0_P12,T0,0.2270564689226404,0.9999999999596774,0.30779432072232005,0.9999999999596774,12,25.972960330561968,87.15743113389503,0.7547586743302986,7.243477869187753
R0_0024.png,/content/STANDUP_Database/diabetic/R0/thermal/R0_0024.png,R0,R0_P12,T10,0.1540382678160231,0.9991737585318025,0.2486065608929976,0.9991737585318025,9,20.117998968220835,52.47629724535988,0.8019461479045475,6.248254483615565
R0_0025.png,/content/STANDUP_Database/diabetic/R0/thermal/R0_0025.png,R0,R0_P13,T0,0.1838994955699832,0.9959349593091082,0.2705708985046332,0.9959349593091082,16,20.703502170508823,64.82583279949255,0.8003787720494565,6.430565842705354
R0_0026.png,/content/STANDUP_Database/diabetic/R0/thermal/R0_0026.png,R0,R0_P13,T10,0.1068947954194184,0.9999999999586776,0.21139604554074062,0.9999999999586776,3,17.606178675231433,52.76593529788993,0.8490864719528131,5.3230521548446905
R0_0027.png,/content/STANDUP_Database/diabetic/R0/thermal/R0_0027.png,R0,R0_P14,T0,0.18590119426202348,0.9979423867902081,0.2705389012464422,0.9979423867902081,10,21.95977701076975,72.78050928892239,0.7848004074467837,6.704597918027812
R0_0028.png,/content/STANDUP_Database/diabetic/R0/thermal/R0_0028.png,R0,R0_P14,T10,0.060225820432451255,0.9956088992566202,0.18392495220633553,0.9956088992566202,3,14.567318800669698,73.71236386931993,0.9242108887264469,3.699014144735746
R0_0029.png,/content/STANDUP_Database/diabetic/R0/thermal/R0_0029.png,R0,R0_P15,T0,0.19956346504026912,0.9999999999588477,0.3010535451406878,0.9999999999588477,10,22.968188881361527,76.53235105702007,0.8000571546155786,6.552831392550001
R0_0030.png,/content/STANDUP_Database/diabetic/R0/thermal/R0_0030.png,R0,R0_P15,T10,0.15985946460723088,0.9997084547696913,0.26679753589729227,0.9997084547696913,11,19.998297310158527,55.11098654708951,0.8221169705403275,6.029683694499141
R0_0031.png,/content/STANDUP_Database/diabetic/R0/thermal/R0_0031.png,R0,R0_P16,T0,0.19121994069240103,0.9956797234621557,0.29959441911122864,0.9956797234621557,14,22.577479608975313,80.9388613068587,0.8107454505672838,6.220019227764643
R0_0032.png,/content/STANDUP_Database/diabetic/R0/thermal/R0_0032.png,R0,R0_P16,T10,0.10234417772534049,0.9985481997271205,0.2126041071612404,0.9985481997271205,1,17.442949243569696,50.36402946829287,0.8653110442245817,5.133792311260463
R0_0033.png,/content/STANDUP_Database/diabetic/R0/thermal/R0_0033.png,R0,R0_P17,T0,0.07615721984310234,0.9966986794299106,0.21659517440255785,0.9966986794299106,3,13.092635565534447,62.53139013453351,0.9126198632907103,3.931341357367682
R0_0034.png,/content/STANDUP_Database/diabetic/R0/thermal/R0_0034.png,R0,R0_P17,T10,0.1479979502700855,0.9999999999583333,0.2533774912906689,0.9999999999583333,10,22.10516507976827,51.107543241515884,0.7956171105986498,6.3003442794519975
R0_0035.png,/content/STANDUP_Database/diabetic/R0/thermal/R0_0035.png,R0,R0_P18,T0,0.2829614375147857,0.9999999999595142,0.3685907482296741,0.9999999999595142,16,25.867467726059942,107.09669282511885,0.7790157795735109,7.0035560695955255
R0_0036.png,/content/STANDUP_Database/diabetic/R0/thermal/R0_0036.png,R0,R0_P18,T10,0.20192133984006683,0.9999999999588477,0.3157210131384874,0.9999999999588477,11,22.32472633393068,78.20147341448376,0.8096185066901703,6.245311900650341
R0_0037.png,/content/STANDUP_Database/diabetic/R0/thermal/R0_0037.png,R0,R0_P19,T0,0.28211743640820597,0.9962099124957815,0.3623219024948515,0.9962099124957815,13,29.80347998611872,128.06306053812602,0.7499106458455902,7.32715440281039
R0_0038.png,/content/STANDUP_Database/diabetic/R0/thermal/R0_0038.png,R0,R0_P19,T10,0.25227653175207715,0.9959514169637266,0.3387477574452865,0.9959514169637266,10,27.5684562138842,105.77574471493404,0.7538286141722863,7.192683426336305
R0_0039.png,/content/STANDUP_Database/diabetic/R0/thermal/R0_0039.png,R0,R0_P20,T0,0.23675150291461405,0.9985540774610185,0.3437977039792161,0.9985540774610185,10,26.327042942679476,123.00216207560209,0.7891851698558182,6.6959172754727705
R0_0040.png,/content/STANDUP_Database/diabetic/R0/thermal/R0_0040.png,R0,R0_P20,T10,0.1818919990434329,0.9985599077938369,0.3002790863331346,0.9985599077938369,14,22.085709791343692,102.38072549648274,0.8158014719742565,6.011431028662148
R0_0041.png,/content/STANDUP_Database/diabetic/R0/thermal/R0_0041.png,R0,R0_P21,T0,0.17325106701445891,0.996162927939946,0.27413345048910887,0.996162927939946,4,20.299925040423517,73.47849935938953,0.8076690817982859,6.143761575706629
R0_0042.png,/content/STANDUP_Database/diabetic/R0/thermal/R0_0042.png,R0,R0_P21,T10,0.09716547095502807,0.9999999999596774,0.2538778634612436,0.9999999999596774,2,17.800877874022234,111.28635490070958,0.8990772818840984,4.128711833039796
R0_0043.png,/content/STANDUP_Database/diabetic/R0/thermal/R0_0043.png,R0,R0_P22,T0,0.20167424717597604,0.9999999999593495,0.3021537090389957,0.9999999999593495,12,21.132315040691385,85.13316784113177,0.8142345953141134,6.361602013076966
R0_0044.png,/content/STANDUP_Database/diabetic/R0/thermal/R0_0044.png,R0,R0_P22,T10,0.15117091500941565,0.9959839357029725,0.2547305476536809,0.9959839357029725,6,18.92354066225465,56.55921684817753,0.8314824071713075,5.912833782786794
R0_0045.png,/content/STANDUP_Database/diabetic/R0/thermal/R0_0045.png,R0,R0_P23,T0,0.24774914664003683,0.9999999999586776,0.3430361430897847,0.9999999999586776,16,25.111712503345608,105.42973254324741,0.7692367050035079,6.865795942547807
R0_0046.png,/content/STANDUP_Database/diabetic/R0/thermal/R0_0046.png,R0,R0_P23,T10,0.25150013799532156,0.9988432619607177,0.3573286136727901,0.9988432619607177,7,25.848410801657625,123.57226937861222,0.7739075930698849,6.7913507428834485
R0_0047.png,/content/STANDUP_Database/diabetic/R0/thermal/R0_0047.png,R0,R0_P24,T0,0.1948225626444131,0.9976580795844051,0.2857518953629201,0.9976580795844051,12,22.753685560713425,69.55413196669258,0.7963580373354899,6.6426127385426526
R0_0048.png,/content/STANDUP_Database/diabetic/R0/thermal/R0_0048.png,R0,R0_P24,T10,0.15920130084840964,0.9956797234621558,0.2675198798848346,0.9956797234621558,9,23.290967712456663,71.85249839846716,0.8167517987420968,6.133673356982998
R0_0049.png,/content/STANDUP_Database/diabetic/R0/thermal/R0_0049.png,R0,R0_P25,T0,0.14807178771766194,0.9962099124957815,0.24676145957737577,0.9962099124957815,9,20.587627212899697,55.356221973098144,0.8153650103207402,6.143087347607566
R0_0050.png,/content/STANDUP_Database/diabetic/R0/thermal/R0_0050.png,R0,R0_P25,T10,0.07438247585446432,0.9999999999596774,0.2054861598894459,0.9999999999596774,3,14.529710287202692,57.569466688024406,0.9073833774713669,4.020614958223125
R0_0051.png,/content/STANDUP_Database/diabetic/R0/thermal/R0_0051.png,R0,R0_P26,T0,0.1094585999344927,0.9981674301966595,0.22067933848607194,0.9981674301966595,1,16.109300171762136,51.1898222293436,0.8645072807993179,5.131896448412707
R0_0052.png,/content/STANDUP_Database/diabetic/R0/thermal/R0_0052.png,R0,R0_P26,T10,0.07081183024145232,0.999135944660173,0.20606255229692894,0.999135944660173,1,13.280701224571906,74.20455637412331,0.920573030900275,3.807838553500363
R0_0053.png,/content/STANDUP_Database/diabetic/R0/thermal/R0_0053.png,R0,R0_P27,T0,0.18493198770614022,0.9999999999590163,0.27264177022929637,0.9999999999590163,13,24.539940253976752,79.92737027547166,0.785709504507451,6.610350546219577
R0_0054.png,/content/STANDUP_Database/diabetic/R0/thermal/R0_0054.png,R0,R0_P27,T10,0.17440086031813934,0.9985422740117212,0.2502287104080672,0.9985422740117212,7,26.19253473692165,80.85662235746929,0.7879404064910017,6.860545276019938
R0_0055.png,/content/STANDUP_Database/diabetic/R0/thermal/R0_0055.png,R0,R0_P28,T0,0.174888336139087,0.9999999999593495,0.26944956787837765,0.9999999999593495,12,21.315742475214183,75.1846973094218,0.8093501821891981,6.378951879846268
R0_0056.png,/content/STANDUP_Database/diabetic/R0/thermal/R0_0056.png,R0,R0_P28,T10,0.17702408087960297,0.9999999999595142,0.23358000482400185,0.9999999999595142,10,25.38867622238242,64.92272581679002,0.7560962528116852,7.282732320327764
R0_0057.png,/content/STANDUP_Database/diabetic/R0/thermal/R0_0057.png,R0,R0_P29,T0,0.11202010249997338,0.9999999999596774,0.2183922648185677,0.9999999999596774,8,17.33659855198615,50.15058456118197,0.8587628139364253,5.326547330018892
R0_0058.png,/content/STANDUP_Database/diabetic/R0/thermal/R0_0058.png,R0,R0_P29,T10,0.08418440024857937,0.9985362997248843,0.22399658098343908,0.9985362997248843,2,15.50996115014628,81.99107142857538,0.9163604863773099,4.0842378347400405
R0_0059.png,/content/STANDUP_Database/diabetic/R0/thermal/R0_0059.png,R0,R0_P30,T0,0.2085266308502039,0.9999999999593495,0.3024690854448763,0.9999999999593495,6,23.962393774840116,92.42528827675363,0.7937860903959901,6.774109965245396
R0_0060.png,/content/STANDUP_Database/diabetic/R0/thermal/R0_0060.png,R0,R0_P30,T10,0.14330075555064384,0.9999999999593495,0.24367666460491696,0.9999999999593495,8,19.062861371545964,62.447189301733935,0.8276800668681681,5.8713452819612675
R0_0061.png,/content/STANDUP_Database/diabetic/R0/thermal/R0_0061.png,R0,R0_P31,T0,0.2301471316043391,0.9989501973217866,0.34116717557866616,0.9989501973217866,7,25.599031557821963,98.59801409353614,0.7827585152978705,6.6485213835573695
R0_0062.png,/content/STANDUP_Database/diabetic/R0/thermal/R0_0062.png,R0,R0_P31,T10,0.15218448541271618,0.9999999999590163,0.2355605867377435,0.9999999999590163,11,20.806860538684063,46.68393657911914,0.7886278535938334,6.504379650649677
R0_0063.png,/content/STANDUP_Database/diabetic/R0/thermal/R0_0063.png,R0,R0_P32,T0,0.28035471573373766,0.9999999999586776,0.3359133336671915,0.9999999999586776,20,32.09168497161099,127.89001441384696,0.7437626585656516,7.7265504694742795
R0_0064.png,/content/STANDUP_Database/diabetic/R0/thermal/R0_0064.png,R0,R0_P32,T10,0.1901711857988065,0.9977781434752376,0.2867526402216351,0.9977781434752376,13,23.73889367322108,89.88705156951265,0.7920778241807404,6.547495241143526
R0_0065.png,/content/STANDUP_Database/diabetic/R0/thermal/R0_0065.png,R0,R0_P33,T0,0.214778761177117,0.998861528041032,0.3168060059900534,0.998861528041032,8,24.508029013174742,90.73422485586651,0.7869760461798363,6.639821973328745
R0_0066.png,/content/STANDUP_Database/diabetic/R0/thermal/R0_0066.png,R0,R0_P33,T10,0.22511107423230559,0.9999999999591836,0.33343293164091165,0.9999999999591836,6,25.91869068486459,104.90783151826356,0.7878246161584519,6.725224573393169
R0_0067.png,/content/STANDUP_Database/diabetic/R0/thermal/R0_0067.png,R0,R0_P34,T0,0.23604604502554427,0.9999999999591836,0.34839582783303863,0.9999999999591836,10,32.073653090215615,149.11142696990453,0.7900089968904428,6.695867033142042
R0_0068.png,/content/STANDUP_Database/diabetic/R0/thermal/R0_0068.png,R0,R0_P34,T10,0.24746363086655915,0.99999999996,0.37810646301277134,0.99999999996,8,24.43858554300087,154.33468129404997,0.8316519225501648,6.152872696374814
R0_0069.png,/content/STANDUP_Database/diabetic/R0/thermal/R0_0069.png,R0,R0_P35,T0,0.3168118107632378,0.9999999999595142,0.38337800976738673,0.9999999999595142,15,25.246529901646994,160.3891335682316,0.805883825437276,6.901861716343803
R0_0070.png,/content/STANDUP_Database/diabetic/R0/thermal/R0_0070.png,R0,R0_P35,T10,0.15865711338184374,0.9999999999598393,0.321870551792848,0.9999999999598393,3,19.89912102066075,134.512131646389,0.8765492265809284,4.885592414656715
R0_0071.png,/content/STANDUP_Database/diabetic/R0/thermal/R0_0071.png,R0,R0_P36,T0,0.21610438979272314,0.9959514169637266,0.30372624687116295,0.9959514169637266,8,25.81440462126109,90.3584641255675,0.7824744610142584,6.9241223163760885
R0_0072.png,/content/STANDUP_Database/diabetic/R0/thermal/R0_0072.png,R0,R0_P36,T10,0.20505071280257617,0.9999999999585062,0.31028366893569925,0.9999999999585062,18,25.957297206143284,95.1712844330621,0.7884037011488384,6.590694225865729
R0_0073.png,/content/STANDUP_Database/diabetic/R0/thermal/R0_0073.png,R0,R0_P37,T0,0.2798531312521968,0.9999999999590163,0.39943116545733787,0.9999999999590163,15,31.21637292722592,185.53086963486368,0.796150643768699,6.509767338423191
R0_0074.png,/content/STANDUP_Database/diabetic/R0/thermal/R0_0074.png,R0,R0_P37,T10,0.2901901732272502,0.9999999999591836,0.394076597788038,0.9999999999591836,13,31.10117750066309,149.64934336964583,0.7762399563637281,6.958837427214615
R0_0075.png,/content/STANDUP_Database/diabetic/R0/thermal/R0_0075.png,R0,R0_P38,T0,0.21553515728617478,0.9970549194882563,0.3188680773706081,0.9970549194882563,6,24.975787488979712,111.95139333761198,0.7905080440337464,6.628895584504254
R0_0076.png,/content/STANDUP_Database/diabetic/R0/thermal/R0_0076.png,R0,R0_P38,T10,0.24359562039317123,0.9999999999593495,0.32389301376959234,0.9999999999593495,8,25.39018610992443,98.90074471493294,0.7566385039111703,7.224056907494142
R0_0077.png,/content/STANDUP_Database/diabetic/R0/thermal/R0_0077.png,R0,R0_P39,T0,0.2213450704123164,0.9939516128631471,0.3019417734524349,0.9939516128631471,16,25.48611029197982,94.76681614350375,0.7605217929935372,7.009420620516966
R0_0078.png,/content/STANDUP_Database/diabetic/R0/thermal/R0_0078.png,R0,R0_P39,T10,0.23957007315198958,0.9966543994238575,0.29465765271154004,0.9966543994238575,7,26.79031077180243,89.57603299167904,0.7422160330998101,7.802721077678469
R0_0079.png,/content/STANDUP_Database/diabetic/R0/thermal/R0_0079.png,R0,R0_P40,T0,0.2255677457215497,0.9999999999595142,0.2843860023011518,0.9999999999595142,15,24.14621981739621,69.73650704677014,0.7372939088991718,7.525063577151293
R0_0080.png,/content/STANDUP_Database/diabetic/R0/thermal/R0_0080.png,R0,R0_P40,T10,0.14076339580642677,0.9973760932537514,0.23625476398428044,0.9973760932537514,9,17.97423809539396,43.58271941063746,0.8089134664627399,6.103329655520457
R0_0081.png,/content/STANDUP_Database/diabetic/R0/thermal/R0_0081.png,R0,R0_P41,T0,0.06459789519563254,0.9998765634883195,0.19073323740999695,0.9998765634883195,1,11.523867786272769,49.47922005125186,0.9272735349742807,3.7245971384475394
R0_0082.png,/content/STANDUP_Database/diabetic/R0/thermal/R0_0082.png,R0,R0_P41,T10,0.05965997466818901,0.9999999999596774,0.19866193358654397,0.9999999999596774,1,10.451174952476437,75.1373318385683,0.9426111796758615,3.352776386849574
R0_0083.png,/content/STANDUP_Database/diabetic/R0/thermal/R0_0083.png,R0,R0_P42,T0,0.1135757261423672,0.9991253643907062,0.2356042639991538,0.9991253643907062,4,17.710969054318213,58.95339525945315,0.8624218562710656,5.070716115083302
R0_0084.png,/content/STANDUP_Database/diabetic/R0/thermal/R0_0084.png,R0,R0_P42,T10,0.08932357586578779,0.9959349593091082,0.22352548871695543,0.9959349593091082,2,15.13966072157149,63.584841447794204,0.8983786113760913,4.3331780996784905
R0_0085.png,/content/STANDUP_Database/diabetic/R0/thermal/R0_0085.png,R0,R0_P43,T0,0.14359976282627746,0.9994262764945727,0.2361658991958378,0.9994262764945727,9,18.50970340727877,46.4959561178765,0.8092303116794352,6.1332775741670815
R0_0086.png,/content/STANDUP_Database/diabetic/R0/thermal/R0_0086.png,R0,R0_P43,T10,0.24651694752093756,0.9964034793837205,0.32173884876288006,0.9964034793837205,12,23.156476769419427,82.51929852659035,0.7703710519899705,7.13160103029097
R0_0087.png,/content/STANDUP_Database/diabetic/R0/thermal/R0_0087.png,R0,R0_P44,T0,0.26522600552459824,0.9999999999588477,0.3080434204129202,0.9999999999588477,14,27.938414566579258,78.18513773222797,0.7061801262069362,8.14548141391194
R0_0088.png,/content/STANDUP_Database/diabetic/R0/thermal/R0_0088.png,R0,R0_P44,T10,0.23071511263678643,0.9999999999590163,0.3013931255280414,0.9999999999590163,6,26.934611650580745,84.28863709161315,0.7566839354924397,7.4117531818262075
R0_0089.png,/content/STANDUP_Database/diabetic/R0/thermal/R0_0089.png,R0,R0_P45,T0,0.09273519484852959,0.9979757084616203,0.21503710917595872,0.9979757084616203,6,16.796954747550842,54.01097053171439,0.8807021152829785,4.641652889971228
R0_0090.png,/content/STANDUP_Database/diabetic/R0/thermal/R0_0090.png,R0,R0_P45,T10,0.08732944582815742,0.9999999999591836,0.20760582193110258,0.9999999999591836,4,18.851582566469016,60.809056694431206,0.8838085335391855,4.6131804973173764
R0_0091.png,/content/STANDUP_Database/diabetic/R0/thermal/R0_0091.png,R0,R0_P46,T0,0.2336993835915061,0.9945276497294833,0.3319037761793271,0.9945276497294833,13,26.71424991337919,95.12624119155032,0.7662004243891458,6.889174698280076
R0_0092.png,/content/STANDUP_Database/diabetic/R0/thermal/R0_0092.png,R0,R0_P46,T10,0.2195095912837858,0.9967666078366998,0.3067443668338985,0.9967666078366998,9,29.99951550697065,104.50268257528117,0.7511554346618927,7.209843415323943
R0_0093.png,/content/STANDUP_Database/diabetic/R0/thermal/R0_0093.png,R0,R0_P47,T0,0.2223855045292125,0.9959677418953239,0.3524309117447657,0.9959677418953239,17,26.696040837045413,162.96180333120978,0.8314786539329186,5.971780543305618
R0_0094.png,/content/STANDUP_Database/diabetic/R0/thermal/R0_0094.png,R0,R0_P47,T10,0.19009573370285923,0.9991737585318022,0.2921717836782166,0.9991737585318022,14,23.786407025558585,88.09925528508066,0.7972567132436341,6.51639502952047
R0_0095.png,/content/STANDUP_Database/diabetic/R0/thermal/R0_0095.png,R0,R0_P48,T0,0.2240264298496723,0.9999999999595142,0.32208998652400317,0.9999999999595142,18,25.795700635391043,99.34385009609963,0.777154613379825,6.824859708822364
R0_0096.png,/content/STANDUP_Database/diabetic/R0/thermal/R0_0096.png,R0,R0_P48,T10,0.2448065540751255,0.9985540774610184,0.32545497670531426,0.9985540774610184,12,26.383228573487116,89.57295003203606,0.747663664125825,7.36161025819451
R0_0097.png,/content/STANDUP_Database/diabetic/R0/thermal/R0_0097.png,R0,R0_P49,T0,0.16488678781491545,0.9993777998598228,0.26066653178638627,0.9993777998598228,9,18.187175309567206,63.890695067268645,0.8297047876701775,6.037750050013045
R0_0098.png,/content/STANDUP_Database/diabetic/R0/thermal/R0_0098.png,R0,R0_P49,T10,0.08518155217230124,0.9991289198200121,0.22836324689243234,0.9991289198200121,3,13.101252336625514,88.41299647662198,0.9214625183156236,3.9300730810507356
R0_0099.png,/content/STANDUP_Database/diabetic/R0/thermal/R0_0099.png,R0,R0_P50,T0,0.15218411529273,0.9999999999593495,0.24919362069360054,0.9999999999593495,16,21.127568597278497,53.44358584241317,0.8059072464797604,6.291974199534985
R0_0100.png,/content/STANDUP_Database/diabetic/R0/thermal/R0_0100.png,R0,R0_P50,T10,0.10650397314884587,0.9982090795094442,0.2602106835207286,0.9982090795094442,5,19.13298843693991,104.89606021781641,0.8909854441015043,4.420810377750348
R0_0101.png,/content/STANDUP_Database/diabetic/R0/thermal/R0_0101.png,R0,R0_P51,T0,0.20722572836391592,0.9994239630933412,0.3280538245361936,0.9994239630933412,4,24.096303769435103,101.10826393338354,0.8002507961615956,6.367459776504006
R0_0102.png,/content/STANDUP_Database/diabetic/R0/thermal/R0_0102.png,R0,R0_P51,T10,0.17936696752176623,0.9970668428911376,0.29586968222574517,0.9970668428911376,9,22.330830566770647,84.96044202434848,0.8147831136190516,6.104025256010531
R0_0103.png,/content/STANDUP_Database/diabetic/R0/thermal/R0_0103.png,R0,R0_P52,T0,0.19379981237445418,0.9991289198200121,0.28411234402249097,0.9991289198200121,12,22.993166543978514,72.05321108264448,0.7757372109424925,6.736371106860437
R0_0104.png,/content/STANDUP_Database/diabetic/R0/thermal/R0_0104.png,R0,R0_P52,T10,0.1989967158891021,0.9999999999593495,0.310485434880634,0.9999999999593495,11,24.194910813315197,90.10409993594494,0.7868213977879773,6.46717596266829
R0_0105.png,/content/STANDUP_Database/diabetic/R0/thermal/R0_0105.png,R0,R0_P53,T0,0.19969129039666347,0.9999999999590163,0.29253076664297195,0.9999999999590163,19,23.451511849200585,84.77934817425398,0.8008746485453988,6.455305451002337
R0_0106.png,/content/STANDUP_Database/diabetic/R0/thermal/R0_0106.png,R0,R0_P53,T10,0.18536859153646218,0.9999999999595142,0.3067305633632911,0.9999999999595142,8,23.074279000384532,97.92672966048188,0.8246516021050964,6.039048519428157
R0_0107.png,/content/STANDUP_Database/diabetic/R0/thermal/R0_0107.png,R0,R0_P54,T0,0.2621654001879305,0.997417742566536,0.33558434947741755,0.997417742566536,11,26.89769485180933,115.13993433697253,0.7707446060345488,7.295029348295872
R0_0108.png,/content/STANDUP_Database/diabetic/R0/thermal/R0_0108.png,R0,R0_P54,T10,0.19216604282666847,0.9999999999591836,0.27423292299125124,0.9999999999591836,11,25.025829239591754,90.82054772582332,0.7774043279614944,6.805450455859553
R0_0109.png,/content/STANDUP_Database/diabetic/R0/thermal/R0_0109.png,R0,R0_P55,T0,0.09122577738813704,0.9993752602674141,0.22648631166763386,0.9993752602674141,4,17.762836790657033,73.49607623318914,0.8897336069969708,4.381687986349475
R0_0110.png,/content/STANDUP_Database/diabetic/R0/thermal/R0_0110.png,R0,R0_P55,T10,0.08970514546684254,0.9999999999593495,0.2405324076922353,0.9999999999593495,2,14.524138165206741,77.3366431774548,0.9074925885311508,4.037627701928967
R0_0111.png,/content/STANDUP_Database/diabetic/R0/thermal/R0_0111.png,R0,R0_P56,T0,0.17277184393191183,0.9999999999593495,0.28659581126401557,0.9999999999593495,12,21.117150870003535,73.33636290839716,0.8184916565498948,5.921015527528629
R0_0112.png,/content/STANDUP_Database/diabetic/R0/thermal/R0_0112.png,R0,R0_P56,T10,0.11584067701592816,0.9999999999593495,0.2211808925751304,0.9999999999593495,9,20.04307058272257,54.64946348494938,0.8297003383541006,5.601008798566808
R0_0113.png,/content/STANDUP_Database/diabetic/R0/thermal/R0_0113.png,R0,R0_P57,T0,0.1668178086259566,0.9965555842169713,0.22711614947430783,0.9965555842169713,15,25.19096576492058,46.7853739590048,0.7401411433359336,7.465919748886714
R0_0114.png,/content/STANDUP_Database/diabetic/R0/thermal/R0_0114.png,R0,R0_P57,T10,0.050893785679202164,0.9959349593091082,0.16056070436607406,0.9959349593091082,1,15.548623336588253,43.86771300448821,0.9134652329898015,3.7729703125979985
R0_0115.png,/content/STANDUP_Database/diabetic/R0/thermal/R0_0115.png,R0,R0_P58,T0,0.13345870977904636,0.9974071595442682,0.2688428687087811,0.9974071595442682,7,20.716038734674918,82.17196508648925,0.8423835938573252,5.275608391329611
R0_0116.png,/content/STANDUP_Database/diabetic/R0/thermal/R0_0116.png,R0,R0_P58,T10,0.1367108012259856,0.9953161592097939,0.21731722811556142,0.9953161592097939,8,21.944021862669402,47.29095932095206,0.7717372781515512,6.630227616927034
R0_0117.png,/content/STANDUP_Database/diabetic/R0/thermal/R0_0117.png,R0,R0_P59,T0,0.09758876863644163,0.999135944660173,0.2049284322329836,0.999135944660173,11,17.490289482706235,50.56021780910087,0.8502998836401893,5.0618434956647915
R0_0118.png,/content/STANDUP_Database/diabetic/R0/thermal/R0_0118.png,R0,R0_P59,T10,0.09438427564960505,0.9999999999595142,0.2222798012559826,0.9999999999595142,10,16.247614685528102,73.4374599615673,0.8830470204755162,4.470217623080175
R0_0119.png,/content/STANDUP_Database/diabetic/R0/thermal/R0_0119.png,R0,R0_P60,T0,0.15717071987605385,0.9962857142458629,0.2576114858869744,0.9962857142458629,5,23.08674745258158,83.63929372198129,0.8028387949579099,6.334843391891704
R0_0120.png,/content/STANDUP_Database/diabetic/R0/thermal/R0_0120.png,R0,R0_P60,T10,0.06690973510392051,0.9999999999595142,0.19070477600145255,0.9999999999595142,4,14.621873605493093,47.78050928892147,0.9031968960749183,4.032118384416015
R0_0121.png,/content/STANDUP_Database/diabetic/R0/thermal/R0_0121.png,R0,R0_P61,T0,0.25700172506497904,0.9999999999595142,0.3501186111276281,0.9999999999595142,15,26.55918545543273,103.89217648943773,0.7712659258114413,7.052704129685042
R0_0122.png,/content/STANDUP_Database/diabetic/R0/thermal/R0_0122.png,R0,R0_P61,T10,0.24621218856305782,0.9999999999591836,0.3403653279094765,0.9999999999591836,6,27.65683357648415,106.72653747598406,0.7720576055665753,7.017446876884444
R0_0123.png,/content/STANDUP_Database/diabetic/R0/thermal/R0_0123.png,R0,R0_P62,T0,0.2324300545422224,0.993975903574539,0.3399463398046198,0.993975903574539,9,27.399049370316597,110.18273542601672,0.7781930528279057,6.807483995023363
R0_0124.png,/content/STANDUP_Database/diabetic/R0/thermal/R0_0124.png,R0,R0_P62,T10,0.19327889965036021,0.9999999999590163,0.2950059072737084,0.9999999999590163,7,22.779348462355767,71.1598734785436,0.7846173818159019,6.60780938761001
R0_0125.png,/content/STANDUP_Database/diabetic/R0/thermal/R0_0125.png,R0,R0_P63,T0,0.22141296902684232,0.9992346938359162,0.3542757828929074,0.9992346938359162,7,26.22895810679406,119.13180653428272,0.7986896182200717,6.308666612257029
R0_0126.png,/content/STANDUP_Database/diabetic/R0/thermal/R0_0126.png,R0,R0_P63,T10,0.179534313881557,0.9999999999590163,0.26658745802593375,0.9999999999590163,14,25.71956531586397,69.5530709481154,0.768082807927967,6.696656356286225
R0_0127.png,/content/STANDUP_Database/diabetic/R0/thermal/R0_0127.png,R0,R0_P64,T0,0.22543736108298498,0.9999999999595142,0.3281223778780691,0.9999999999595142,8,25.091224285070457,99.44402626522127,0.7778265969989091,6.799253940284837
R0_0128.png,/content/STANDUP_Database/diabetic/R0/thermal/R0_0128.png,R0,R0_P64,T10,0.20072986689815975,0.999087439813377,0.2825586357395217,0.999087439813377,7,22.961165787833075,73.22173286355417,0.7752418561577297,6.969306417364388
R0_0129.png,/content/STANDUP_Database/diabetic/R0/thermal/R0_0129.png,R0,R0_P65,T0,0.142278587860034,0.9982578396806746,0.2684574901651181,0.9982578396806746,6,18.51207812408159,80.49619634849978,0.8529926941734152,5.401828765482414
R0_0130.png,/content/STANDUP_Database/diabetic/R0/thermal/R0_0130.png,R0,R0_P65,T10,0.13204051520753074,0.9985481997271205,0.2539191390641935,0.9985481997271205,7,19.306334057684577,77.65635009609765,0.8439392393748694,5.422923233831606
R0_0131.png,/content/STANDUP_Database/diabetic/R0/thermal/R0_0131.png,R0,R0_P66,T0,0.1908252429645612,0.9994239630933411,0.2580003249294257,0.9994239630933411,10,22.347307753703763,74.73450512492526,0.7724397812302433,7.173765693392115
R0_0132.png,/content/STANDUP_Database/diabetic/R0/thermal/R0_0132.png,R0,R0_P66,T10,0.09657431508524142,0.9998755599394441,0.2294892088357972,0.9998755599394441,9,17.737570990112854,83.42961242793635,0.8793616765169702,4.542774755831212
R0_0133.png,/content/STANDUP_Database/diabetic/R0/thermal/R0_0133.png,R0,R0_P67,T0,0.27730252085598484,0.9985599077938369,0.3569965981229652,0.9985599077938369,16,26.881197364234247,152.4468289558087,0.7724640339051075,7.05204164353233
R0_0134.png,/content/STANDUP_Database/diabetic/R0/thermal/R0_0134.png,R0,R0_P67,T10,0.19733608057627317,0.9982307438702162,0.2870025184069286,0.9982307438702162,11,22.34354340686962,93.67140454837198,0.8006405300794343,6.471167466614172
R0_0135.png,/content/STANDUP_Database/diabetic/R0/thermal/R0_0135.png,R0,R0_P68,T0,0.06330567576263924,0.9999999999528302,0.19203684996425477,0.9999999999528302,1,12.474706272287031,65.0112908392095,0.926703512748124,3.6748679862250033
R0_0136.png,/content/STANDUP_Database/diabetic/R0/thermal/R0_0136.png,R0,R0_P68,T10,0.07949596285496352,0.9991324464604168,0.21345353966718297,0.9991324464604168,5,13.281243788654722,64.83572229340531,0.9041789725393609,4.060503683669961
R0_0137.png,/content/STANDUP_Database/diabetic/R0/thermal/R0_0137.png,R0,R0_P69,T0,0.23542346229697664,0.999623619898811,0.31054292671094524,0.999623619898811,5,24.452859651488122,84.79684497117749,0.7577858547046538,7.309660873720789
R0_0138.png,/content/STANDUP_Database/diabetic/R0/thermal/R0_0138.png,R0,R0_P69,T10,0.15089373597934105,0.9999999999586776,0.24725882772665228,0.9999999999586776,16,22.97364628294189,63.04776585522647,0.789459918075496,6.434102117517406
R1_0001.png,/content/STANDUP_Database/diabetic/R1/thermal/R1_0001.png,R1,R1_P1,T0,0.18144902205052682,0.9999999999591836,0.33804783080012996,0.9999999999591836,6,21.488122764228304,108.45811979501164,0.8580769282605146,5.31630365770137
R1_0002.png,/content/STANDUP_Database/diabetic/R1/thermal/R1_0002.png,R1,R1_P1,T10,0.161196402899257,0.9976676384432439,0.30255106440659263,0.9976676384432439,5,20.055657971519704,83.64441864190249,0.8452208930817056,5.439455034847587
R1_0003.png,/content/STANDUP_Database/diabetic/R1/thermal/R1_0003.png,R1,R1_P2,T0,0.06391729665802559,0.9999999999585062,0.1801439512496596,0.9999999999585062,3,14.23083077083011,39.08159833440414,0.9022807940295466,4.099142713018855
R1_0004.png,/content/STANDUP_Database/diabetic/R1/thermal/R1_0004.png,R1,R1_P2,T10,0.06859279757020646,0.9961470064791167,0.18900418724832418,0.9961470064791167,3,13.959020623512641,43.50720691864485,0.9020368146758322,4.094690428619515
R1_0005.png,/content/STANDUP_Database/diabetic/R1/thermal/R1_0005.png,R1,R1_P3,T0,0.16982922555842625,0.9999999999588477,0.26807724829308666,0.9999999999588477,18,19.669273488567793,68.46248398463028,0.8153995143729549,6.084666697845687
R1_0006.png,/content/STANDUP_Database/diabetic/R1/thermal/R1_0006.png,R1,R1_P3,T10,0.1443347073386251,0.9967930028747665,0.22907432423227023,0.9967930028747665,10,18.15172237378111,46.03943786034929,0.8088076702110512,6.193432109618738
R1_0007.png,/content/STANDUP_Database/diabetic/R1/thermal/R1_0007.png,R1,R1_P4,T0,0.1671346198049928,0.997448979551617,0.26547580854043756,0.997448979551617,10,20.319605047332466,62.36366912236168,0.8127190069842319,6.2305012280399925
R1_0008.png,/content/STANDUP_Database/diabetic/R1/thermal/R1_0008.png,R1,R1_P4,T10,0.12960537591030427,0.9999999999591836,0.20857855308504208,0.9999999999591836,9,17.916511944827352,46.2886370916111,0.8202446086774544,6.021922457748581
R1_0009.png,/content/STANDUP_Database/diabetic/R1/thermal/R1_0009.png,R1,R1_P5,T0,0.18230518455227698,0.9982993196862954,0.2783139561736632,0.9982993196862954,9,21.519904099998502,64.73654708520654,0.8005324577052225,6.476207470557425
R1_0010.png,/content/STANDUP_Database/diabetic/R1/thermal/R1_0010.png,R1,R1_P5,T10,0.12336147269634806,0.9970725994907523,0.24957903818790103,0.9970725994907523,1,18.580124244354913,59.40398782831903,0.857408987184337,5.245532014079804
R1_0011.png,/content/STANDUP_Database/diabetic/R1/thermal/R1_0011.png,R1,R1_P6,T0,0.08323580307303083,0.9981527093165821,0.24557912989036038,0.9981527093165821,1,11.691310991540334,76.96132286995935,0.9316920105619603,3.6081910356640554
R1_0012.png,/content/STANDUP_Database/diabetic/R1/thermal/R1_0012.png,R1,R1_P6,T10,0.2140162340282245,0.9985540774610185,0.31689400681908814,0.9985540774610185,10,25.99373446001882,98.43481742473635,0.7794697989487892,6.926986494918367
R1_0013.png,/content/STANDUP_Database/diabetic/R1/thermal/R1_0013.png,R1,R1_P7,T0,0.17388678268641053,0.9999999999590163,0.25999437170090894,0.9999999999590163,8,21.879085920262593,62.446268417685005,0.7884147080158669,6.6334930299823895
R1_0014.png,/content/STANDUP_Database/diabetic/R1/thermal/R1_0014.png,R1,R1_P7,T10,0.17267344123559825,0.9999999999595142,0.25675046398194773,0.9999999999595142,6,22.651859482177827,65.0471252402355,0.7806502787454388,6.7334520836476575
R1_0015.png,/content/STANDUP_Database/diabetic/R1/thermal/R1_0015.png,R1,R1_P8,T0,0.20184699201690454,0.9952578541377191,0.28181130784493963,0.9952578541377191,9,22.206432127667263,58.15390775144574,0.7777798410223467,6.957502967771145
R1_0016.png,/content/STANDUP_Database/diabetic/R1/thermal/R1_0016.png,R1,R1_P8,T10,0.21870434765252195,0.9979838709275006,0.311015256237225,0.9979838709275006,11,24.274625759693272,78.21840967329076,0.7776956988413148,6.894205876192711
R1_0017.png,/content/STANDUP_Database/diabetic/R1/thermal/R1_0017.png,R1,R1_P9,T0,0.2886121842250706,0.999958350646399,0.36447556101143497,0.999958350646399,16,27.785499759644544,131.19386611147638,0.7582111728909873,7.353855433891551
R1_0018.png,/content/STANDUP_Database/diabetic/R1/thermal/R1_0018.png,R1,R1_P9,T10,0.26916689671983174,0.9999999999595142,0.39683802670835533,0.9999999999595142,12,28.348928885300648,181.8297565663165,0.8248604554965753,6.212606092862159
R1_0019.png,/content/STANDUP_Database/diabetic/R1/thermal/R1_0019.png,R1,R1_P10,T0,0.2136470585550478,0.9995418575185525,0.3344777663281781,0.9995418575185525,9,22.841865083595362,85.14946348495128,0.80876645346684,6.250206568200062
R1_0020.png,/content/STANDUP_Database/diabetic/R1/thermal/R1_0020.png,R1,R1_P10,T10,0.25772733826542304,0.9999999999588477,0.3364522865800729,0.9999999999588477,13,26.21358314416291,86.99439461884023,0.7462118369559256,7.382316196350793
R1_0021.png,/content/STANDUP_Database/diabetic/R1/thermal/R1_0021.png,R1,R1_P11,T0,0.2565718995397324,0.9999999999595142,0.3510503628653951,0.9999999999595142,12,24.912721932365827,91.99109144779506,0.7672117385958315,6.895134649090244
R1_0022.png,/content/STANDUP_Database/diabetic/R1/thermal/R1_0022.png,R1,R1_P11,T10,0.21058275566012707,0.9999999999593495,0.31002847016330276,0.9999999999593495,9,24.389077018250358,78.33139814222142,0.7828173466390621,6.6533315115806335
R1_0023.png,/content/STANDUP_Database/diabetic/R1/thermal/R1_0023.png,R1,R1_P12,T0,0.13120052480422062,0.9959514169637266,0.23731016510863592,0.9959514169637266,5,19.303718361356918,53.13036515054833,0.8306052954681524,5.704773158440388
R1_0024.png,/content/STANDUP_Database/diabetic/R1/thermal/R1_0024.png,R1,R1_P12,T10,0.07450305119717011,0.9985362997248843,0.2141067238864979,0.9985362997248843,1,14.458801856012384,79.17833119795479,0.9124246078301496,3.86216962287436
R1_0025.png,/content/STANDUP_Database/diabetic/R1/thermal/R1_0025.png,R1,R1_P13,T0,0.17624629567273897,0.9982648929613195,0.2816974414434122,0.9982648929613195,14,21.291902685021586,81.96192344651446,0.8103289444305175,6.16239225076174
R1_0026.png,/content/STANDUP_Database/diabetic/R1/thermal/R1_0026.png,R1,R1_P13,T10,0.1966283568104841,0.9999999999593495,0.292268452170231,0.9999999999593495,8,23.589747248947578,91.94222453555957,0.7894430395447152,6.691214808035772
R1_0027.png,/content/STANDUP_Database/diabetic/R1/thermal/R1_0027.png,R1,R1_P14,T0,0.21747452729299044,0.9944379390693145,0.2952864013077994,0.9944379390693145,31,21.4877222343542,79.69318545804525,0.8041819110523284,6.526712779590321
R1_0028.png,/content/STANDUP_Database/diabetic/R1/thermal/R1_0028.png,R1,R1_P14,T10,0.22908918895888447,0.9983888291754761,0.3385326260073555,0.9983888291754761,7,24.43300146741896,105.05465246637397,0.7927728881139166,6.621865669068883
R1_0029.png,/content/STANDUP_Database/diabetic/R1/thermal/R1_0029.png,R1,R1_P15,T0,0.29215894907863166,0.9999999999595142,0.39531487580679686,0.9999999999595142,16,27.905788237378538,123.11971492633748,0.7779962108973735,6.885093069374728
R1_0030.png,/content/STANDUP_Database/diabetic/R1/thermal/R1_0030.png,R1,R1_P15,T10,0.2909617824318554,0.9984882841614797,0.3809197486507445,0.9984882841614797,23,32.39437119404377,143.7487588084668,0.7595627489652758,7.182436050218012
R1_0031.png,/content/STANDUP_Database/diabetic/R1/thermal/R1_0031.png,R1,R1_P16,T0,0.17994529423275232,0.9999999999593495,0.2527830411246698,0.9999999999593495,5,18.744628465992463,50.07367072389847,0.7890562863849058,6.732457365382126
R1_0032.png,/content/STANDUP_Database/diabetic/R1/thermal/R1_0032.png,R1,R1_P16,T10,0.0759901458493496,0.9999999999595142,0.20517843165774854,0.9999999999595142,6,14.927408017680127,64.3465326713687,0.9109156642561227,4.043830823142373
R1_0033.png,/content/STANDUP_Database/diabetic/R1/thermal/R1_0033.png,R1,R1_P17,T0,0.12081982140927644,0.9972989195259241,0.282541143241394,0.9972989195259241,3,18.073976363279353,111.52534433056421,0.8875754388254224,4.442040190865821
R1_0034.png,/content/STANDUP_Database/diabetic/R1/thermal/R1_0034.png,R1,R1_P17,T10,0.30791873265212044,0.9999999999593495,0.37642986047789057,0.9999999999593495,8,28.924250850425047,130.82443145420496,0.7486205663185814,7.639134088486095
R1_0035.png,/content/STANDUP_Database/diabetic/R1/thermal/R1_0035.png,R1,R1_P18,T0,0.18367493081460443,0.999421630960116,0.3088129904534938,0.999421630960116,11,19.413628695208075,89.29684497117715,0.8432974048154426,5.682696274258445
R1_0036.png,/content/STANDUP_Database/diabetic/R1/thermal/R1_0036.png,R1,R1_P18,T10,0.1675675092991225,0.9999999999588477,0.2767853751482642,0.9999999999588477,5,19.66475982094999,63.67761050608985,0.8377805204998305,5.944251830547541
R1_0037.png,/content/STANDUP_Database/diabetic/R1/thermal/R1_0037.png,R1,R1_P19,T0,0.23520543794832974,0.9999999999591836,0.32619262782619235,0.9999999999591836,14,23.50007753747259,87.23822869955679,0.7964185313950801,6.758196831622941
R1_0038.png,/content/STANDUP_Database/diabetic/R1/thermal/R1_0038.png,R1,R1_P19,T10,0.20429390060315075,0.9991359446601731,0.2922663624728555,0.9991359446601731,6,23.119671225896866,62.96084240871731,0.7803381602503433,6.926002093466317
R1_0039.png,/content/STANDUP_Database/diabetic/R1/thermal/R1_0039.png,R1,R1_P20,T0,0.191535907716111,0.9953352769273041,0.26754721608493626,0.9953352769273041,12,21.00798738551542,59.32130845612267,0.7849893583449837,6.8714906306352574
R1_0040.png,/content/STANDUP_Database/diabetic/R1/thermal/R1_0040.png,R1,R1_P20,T10,0.17393228712933403,0.9959349593091082,0.27996940769680334,0.9959349593091082,6,20.311870771326884,59.94670884049083,0.8126051971086439,6.298310404339622
R1_0041.png,/content/STANDUP_Database/diabetic/R1/thermal/R1_0041.png,R1,R1_P21,T0,0.20462038794346585,0.9985302762669622,0.2665497333821153,0.9985302762669622,10,22.440410249424847,52.25760730301447,0.7603261244328291,7.256654972489455
R1_0042.png,/content/STANDUP_Database/diabetic/R1/thermal/R1_0042.png,R1,R1_P21,T10,0.15089043278509187,0.9999999999593495,0.22963116629096003,0.9999999999593495,7,18.985050285638266,45.391095451636716,0.7997015517716598,6.429362258094617
R1_0043.png,/content/STANDUP_Database/diabetic/R1/thermal/R1_0043.png,R1,R1_P22,T0,0.2293766511241203,0.999423963093341,0.3164436675168007,0.999423963093341,17,23.864984502132906,90.2821508648363,0.7748850335883132,6.803378162669884
R1_0044.png,/content/STANDUP_Database/diabetic/R1/thermal/R1_0044.png,R1,R1_P22,T10,0.17917528383487832,0.9991253643907062,0.2755599830432328,0.9991253643907062,10,20.938732501450673,63.84312940423235,0.7957939102422854,6.436540820214148
R1_0045.png,/content/STANDUP_Database/diabetic/R1/thermal/R1_0045.png,R1,R1_P23,T0,0.1811350844314928,0.9982363315285852,0.2504822450539352,0.9982363315285852,10,22.6185433096852,57.312940422810286,0.7671393647818915,7.002464109957183
R1_0046.png,/content/STANDUP_Database/diabetic/R1/thermal/R1_0046.png,R1,R1_P23,T10,0.2156215549584041,0.9999999999595142,0.26178135493184174,0.9999999999595142,13,24.140902593089145,59.89816223575084,0.731785318663203,7.762973210786585
R1_0047.png,/content/STANDUP_Database/diabetic/R1/thermal/R1_0047.png,R1,R1_P24,T0,0.180224948641325,0.9964327193887297,0.23924593047638631,0.9964327193887297,8,23.379322594421595,62.362347853944534,0.7596770756027955,7.180169172798944
R1_0048.png,/content/STANDUP_Database/diabetic/R1/thermal/R1_0048.png,R1,R1_P24,T10,0.09935903504834802,0.9976998995910945,0.22266524763366186,0.9976998995910945,8,17.498183950894447,65.40899263293272,0.8670350080342822,4.845227652313601
R1_0049.png,/content/STANDUP_Database/diabetic/R1/thermal/R1_0049.png,R1,R1_P25,T0,0.24197062432084165,0.9998765634883195,0.32985077223553017,0.9998765634883195,8,24.892660707270608,104.35069666880828,0.7741898543319016,6.918552185945288
R1_0050.png,/content/STANDUP_Database/diabetic/R1/thermal/R1_0050.png,R1,R1_P25,T10,0.19831667572375244,0.9999999999598393,0.28120921154413614,0.9999999999598393,11,22.58983818073907,68.29180012812739,0.7805263885311386,6.83737928121778
R1_0051.png,/content/STANDUP_Database/diabetic/R1/thermal/R1_0051.png,R1,R1_P26,T0,0.2017789102393544,0.9938775509798417,0.3229268198844565,0.9938775509798417,8,26.49663029368756,104.59368994235318,0.789929257379773,6.486270207389596
R1_0052.png,/content/STANDUP_Database/diabetic/R1/thermal/R1_0052.png,R1,R1_P26,T10,0.225950112917979,0.9999999999595142,0.32955854193632117,0.9999999999595142,12,27.857992208168387,108.45880044843737,0.7608796173870926,6.989944377752191
R1_0053.png,/content/STANDUP_Database/diabetic/R1/thermal/R1_0053.png,R1,R1_P27,T0,0.19803180435229248,0.9950838634646293,0.26654929562921886,0.9950838634646293,12,27.827845252332118,70.00244234465637,0.735720084328754,7.436635791588158
R1_0054.png,/content/STANDUP_Database/diabetic/R1/thermal/R1_0054.png,R1,R1_P27,T10,0.1690243382878204,0.9973867595413373,0.2758238112850366,0.9973867595413373,14,28.38234811977374,89.82030749520244,0.7814302976698115,6.474617563616548
R1_0055.png,/content/STANDUP_Database/diabetic/R1/thermal/R1_0055.png,R1,R1_P28,T0,0.26177814181894715,0.9968317971948283,0.368266882974219,0.9968317971948283,27,28.723666566686912,133.69554772582896,0.7723419358156003,6.800793780685378
R1_0056.png,/content/STANDUP_Database/diabetic/R1/thermal/R1_0056.png,R1,R1_P28,T10,0.1514146655829273,0.9956622324640275,0.3076580950533548,0.9956622324640275,13,28.56695675410621,147.77222133249316,0.8471353188840917,5.125835647904998
R1_0057.png,/content/STANDUP_Database/diabetic/R1/thermal/R1_0057.png,R1,R1_P29,T0,0.2318398954554173,0.9985362997248843,0.3348646860478909,0.9985362997248843,11,24.479022241253126,103.72641736067217,0.804951347130863,6.545657180114777
R1_0058.png,/content/STANDUP_Database/diabetic/R1/thermal/R1_0058.png,R1,R1_P29,T10,0.18143369989465427,0.9999999999595142,0.2818457859017041,0.9999999999595142,16,20.422617586425336,73.84809417040783,0.8146191292907831,6.146461431790596
R1_0059.png,/content/STANDUP_Database/diabetic/R1/thermal/R1_0059.png,R1,R1_P30,T0,0.17163647406779892,0.9959677418953239,0.28861110577661003,0.9959677418953239,13,19.19977441324836,81.25708680333496,0.8337786625075795,5.7776276651114715
R1_0060.png,/content/STANDUP_Database/diabetic/R1/thermal/R1_0060.png,R1,R1_P30,T10,0.10795286306044448,0.9995399798854321,0.24377542668082067,0.9995399798854321,5,16.972343849040335,66.63625080077358,0.8780348177136544,4.732625208368599
R1_0061.png,/content/STANDUP_Database/diabetic/R1/thermal/R1_0061.png,R1,R1_P31,T0,0.1980253837937877,0.9991670137034909,0.27791237208673536,0.9991670137034909,25,23.330678932148533,71.13653106983249,0.779984345567834,6.818639057685487
R1_0062.png,/content/STANDUP_Database/diabetic/R1/thermal/R1_0062.png,R1,R1_P31,T10,0.16137796085377334,0.9959349593091082,0.24866497553827185,0.9959349593091082,13,21.524240211622423,56.176769698915216,0.7959588141731038,6.469336266999774
R1_0063.png,/content/STANDUP_Database/diabetic/R1/thermal/R1_0063.png,R1,R1_P32,T0,0.1432894309995978,0.9991217798185372,0.24966228461958334,0.9991217798185372,9,19.089584521044177,53.88536995516076,0.8301020364259348,5.864619761425115
R1_0064.png,/content/STANDUP_Database/diabetic/R1/thermal/R1_0064.png,R1,R1_P32,T10,0.16740441741012355,0.9999999999591836,0.2574948059950315,0.9999999999591836,13,22.742555099727028,56.71688821268934,0.7851290523156895,6.608701669969506
R1_0065.png,/content/STANDUP_Database/diabetic/R1/thermal/R1_0065.png,R1,R1_P33,T0,0.19819937072727994,0.9985481997271205,0.30396786216443344,0.9985481997271205,11,22.4606915806306,84.67380685458657,0.8138035245885291,6.277459945446372
R1_0066.png,/content/STANDUP_Database/diabetic/R1/thermal/R1_0066.png,R1,R1_P33,T10,0.1934738500885762,0.9999999999593495,0.2988066491835854,0.9999999999593495,8,22.73694927638185,93.2881566303727,0.8102662999778295,6.36715616214917
R1_0067.png,/content/STANDUP_Database/diabetic/R1/thermal/R1_0067.png,R1,R1_P34,T0,0.15587389629479814,0.9999999999596774,0.26760667907006774,0.9999999999596774,14,19.977662010440806,74.20103299167756,0.8280789008366446,5.766287497442983
R1_0068.png,/content/STANDUP_Database/diabetic/R1/thermal/R1_0068.png,R1,R1_P34,T10,0.13981161689357283,0.9991394147619392,0.2260638319601617,0.9991394147619392,9,19.85405111133699,49.31826553491692,0.8000242921630535,6.2076549643347665
R2_0001.png,/content/STANDUP_Database/diabetic/R2/thermal/R2_0001.png,R2,R2_P1,T0,0.15942417467039197,0.9999999999591836,0.29444836837997423,0.9999999999591836,5,22.415003146209163,94.17530829597113,0.8470303632864007,5.483924814951962
R2_0002.png,/content/STANDUP_Database/diabetic/R2/thermal/R2_0002.png,R2,R2_P1,T10,0.10630192331344042,0.9984930680711905,0.20295492689608013,0.9984930680711905,5,16.584278720239126,39.058496156312444,0.8500663905135525,5.247035158359985
R2_0003.png,/content/STANDUP_Database/diabetic/R2/thermal/R2_0003.png,R2,R2_P2,T0,0.18046103947738446,0.9999999999596774,0.33132660686506527,0.9999999999596774,6,22.71105434637064,108.18421684818286,0.8394310815110066,5.5474556477625
R2_0004.png,/content/STANDUP_Database/diabetic/R2/thermal/R2_0004.png,R2,R2_P2,T10,0.14786598569348186,0.9999999999591836,0.29060853695107874,0.9999999999591836,7,23.348802781456712,92.56286034593928,0.8364651403831024,5.403669760848136
R2_0005.png,/content/STANDUP_Database/diabetic/R2/thermal/R2_0005.png,R2,R2_P3,T0,0.10925900231871956,0.99970725991219,0.2466906618531963,0.99970725991219,4,18.617058480062507,68.70175368354028,0.8741460690802335,4.6614004787104975
R2_0006.png,/content/STANDUP_Database/diabetic/R2/thermal/R2_0006.png,R2,R2_P3,T10,0.15314334224291964,0.9994096811865651,0.29541651909548916,0.9994096811865651,6,19.424106526917274,98.18717969250876,0.8594107377076706,5.023757536285613
R2_0007.png,/content/STANDUP_Database/diabetic/R2/thermal/R2_0007.png,R2,R2_P4,T0,0.15437494495155657,0.9964871193970994,0.2721211476606304,0.9964871193970994,9,20.725435931151615,78.10097693786584,0.8274316623311047,5.747412688600365
R2_0008.png,/content/STANDUP_Database/diabetic/R2/thermal/R2_0008.png,R2,R2_P4,T10,0.12163282563139514,0.9967532467120586,0.23963997358775968,0.9967532467120586,8,19.01515882123414,63.844891095456354,0.8418282383593041,5.284129538842501
R2_0009.png,/content/STANDUP_Database/diabetic/R2/thermal/R2_0009.png,R2,R2_P5,T0,0.14478224801418493,0.9985481997271205,0.22446247090339522,0.9985481997271205,2,17.983010296201112,34.17096412556378,0.8083143575966365,6.551481731880559
R2_0010.png,/content/STANDUP_Database/diabetic/R2/thermal/R2_0010.png,R2,R2_P5,T10,0.09957928445424771,0.9991531882047943,0.19144395293822805,0.9991531882047943,4,15.525903165380395,36.39662075592886,0.842970185026819,5.5120217464848
R2_0011.png,/content/STANDUP_Database/diabetic/R2/thermal/R2_0011.png,R2,R2_P6,T0,0.1141538668471626,0.9972511453153976,0.21970106041747114,0.9972511453153976,3,16.945936026550285,41.16139493914414,0.8535922310536871,5.466327599888106
R2_0012.png,/content/STANDUP_Database/diabetic/R2/thermal/R2_0012.png,R2,R2_P6,T10,0.0812907727614314,0.9988338192012138,0.21363676229903733,0.9988338192012138,5,15.665677265594473,64.38561018578292,0.9065462339761868,4.2096301176755615
R2_0013.png,/content/STANDUP_Database/diabetic/R2/thermal/R2_0013.png,R2,R2_P7,T0,0.2519558018125714,0.9997096399129036,0.3233725674587078,0.9997096399129036,25,24.93680691799817,91.73722773863551,0.7715404628162081,7.105033134394432
R2_0014.png,/content/STANDUP_Database/diabetic/R2/thermal/R2_0014.png,R2,R2_P7,T10,0.20450776547552682,0.9999999999595142,0.27241975432583304,0.9999999999595142,6,22.398238023344902,66.0783552210169,0.7642648344366204,7.172841457162916
R2_0015.png,/content/STANDUP_Database/diabetic/R2/thermal/R2_0015.png,R2,R2_P8,T0,0.20013482367272858,0.9967798594439259,0.27314673625366126,0.9967798594439259,12,22.289017819004673,64.7674567584935,0.7753533436504194,7.103639188924052
R2_0016.png,/content/STANDUP_Database/diabetic/R2/thermal/R2_0016.png,R2,R2_P8,T10,0.1552022973427251,0.9999999999595142,0.233992482845351,0.9999999999595142,9,19.77101965886247,47.010890454840585,0.797123122052397,6.702454685120978
R2_0017.png,/content/STANDUP_Database/diabetic/R2/thermal/R2_0017.png,R2,R2_P9,T0,0.24293083719570974,0.9974489795516169,0.30661245556957256,0.9974489795516169,21,25.138830161361234,88.19298526586127,0.7589032142505029,7.358482004611739
R2_0018.png,/content/STANDUP_Database/diabetic/R2/thermal/R2_0018.png,R2,R2_P9,T10,0.21856198501603935,0.9999999999593495,0.2757631734176421,0.9999999999593495,14,23.48270148807909,65.97930012812772,0.7464720217503946,7.522836804308249
R2_0019.png,/content/STANDUP_Database/diabetic/R2/thermal/R2_0019.png,R2,R2_P10,T0,0.21439867936983392,0.9999999999497488,0.3571252954435382,0.9999999999497488,7,26.38864933649147,124.20771941064359,0.8228444026251956,5.937849263733823
R2_0020.png,/content/STANDUP_Database/diabetic/R2/thermal/R2_0020.png,R2,R2_P10,T10,0.2011739194404773,0.9999999999591836,0.2672385386547176,0.9999999999591836,10,23.184306877292485,63.852978859710426,0.7585280707698117,7.253562099116354
R2_0021.png,/content/STANDUP_Database/diabetic/R2/thermal/R2_0021.png,R2,R2_P11,T0,0.20530526638641525,0.9985481997271205,0.3085065930404271,0.9985481997271205,2,21.870616602516442,69.05997757847841,0.7884985612444053,6.598408051131771
R2_0022.png,/content/STANDUP_Database/diabetic/R2/thermal/R2_0022.png,R2,R2_P11,T10,0.12590819783403875,0.9999999999595142,0.2334479756818431,0.9999999999595142,4,16.388654233696887,41.04940743113678,0.8349333298482084,5.639409445329285
R2_0023.png,/content/STANDUP_Database/diabetic/R2/thermal/R2_0023.png,R2,R2_P12,T0,0.09782195310445492,0.9964871193970993,0.21378125644947463,0.9964871193970993,2,13.877426792258847,38.31878603459565,0.8764587074738481,4.826927867965179
R2_0024.png,/content/STANDUP_Database/diabetic/R2/thermal/R2_0024.png,R2,R2_P12,T10,0.05774566856661617,0.9999999999595142,0.1799384948135885,0.9999999999595142,1,10.495772897044876,47.109385009612176,0.9249914067460961,3.6079428988410056
R2_0025.png,/content/STANDUP_Database/diabetic/R2/thermal/R2_0025.png,R2,R2_P13,T0,0.21021085303232653,0.9999999999586776,0.32357373707426107,0.9999999999586776,8,28.665993303691128,113.83868513774249,0.7970952550407601,6.612203433921892
R2_0026.png,/content/STANDUP_Database/diabetic/R2/thermal/R2_0026.png,R2,R2_P13,T10,0.1619950959241355,0.9997072599121899,0.2721685491143065,0.9997072599121899,8,22.316129722715697,61.47381486227263,0.8111627404114976,6.287517752338926
R2_0027.png,/content/STANDUP_Database/diabetic/R2/thermal/R2_0027.png,R2,R2_P14,T0,0.2652438165620074,0.998221695275711,0.3543009271318586,0.998221695275711,11,30.44989392065277,104.30529308136694,0.7391998521363204,7.34626379544601
R2_0028.png,/content/STANDUP_Database/diabetic/R2/thermal/R2_0028.png,R2,R2_P14,T10,0.2702263625430507,0.9999999999591836,0.33512148977138356,0.9999999999591836,7,30.364696017435545,97.82855541320482,0.7189942248417085,7.842217292978014
R2_0029.png,/content/STANDUP_Database/diabetic/R2/thermal/R2_0029.png,R2,R2_P15,T0,0.19606251558138799,0.9999138895642851,0.2800259131394754,0.9999138895642851,7,22.948233495257956,56.025824791804936,0.7674911774892763,7.015929269098834
R2_0030.png,/content/STANDUP_Database/diabetic/R2/thermal/R2_0030.png,R2,R2_P15,T10,0.127063943380888,0.9999999999586776,0.22335800698420016,0.9999999999586776,6,19.17575984305582,34.03699551569801,0.8077996521215558,6.094269570558672
R2_0031.png,/content/STANDUP_Database/diabetic/R2/thermal/R2_0031.png,R2,R2_P16,T0,0.21813877226082015,0.9979166666250867,0.3510099854531513,0.9979166666250867,8,26.91268980504295,131.10722293402824,0.8104091163680884,6.200448957298388
R2_0032.png,/content/STANDUP_Database/diabetic/R2/thermal/R2_0032.png,R2,R2_P16,T10,0.21193798402197925,0.9967532467120586,0.31964910796648427,0.9967532467120586,13,25.664169125483692,102.8340006406221,0.7940131900394793,6.631055058369217
R2_0033.png,/content/STANDUP_Database/diabetic/R2/thermal/R2_0033.png,R2,R2_P17,T0,0.27718868528617885,0.9999999999579832,0.37617585986128455,0.9999999999579832,20,27.276365708660407,123.9495916079494,0.7730929666717735,7.003875033456985
R2_0034.png,/content/STANDUP_Database/diabetic/R2/thermal/R2_0034.png,R2,R2_P17,T10,0.24435213453722826,0.9999999999591836,0.34074719737815773,0.9999999999591836,11,29.540203249707442,121.18557815503566,0.7820418644465439,6.982656601546172
R2_0035.png,/content/STANDUP_Database/diabetic/R2/thermal/R2_0035.png,R2,R2_P18,T0,0.199420478970616,0.9999999999595142,0.286287196259565,0.9999999999595142,8,25.329730580652978,83.39581998719437,0.7695897771332592,7.027549452938926
R2_0036.png,/content/STANDUP_Database/diabetic/R2/thermal/R2_0036.png,R2,R2_P18,T10,0.15694999907963125,0.9999999999593495,0.23713184463674733,0.9999999999593495,7,20.739291137065795,54.351177130049315,0.786369922441031,6.706220304486753
R2_0037.png,/content/STANDUP_Database/diabetic/R2/thermal/R2_0037.png,R2,R2_P19,T0,0.22367158034381532,0.9991217798185371,0.31124424511152604,0.9991217798185371,11,24.992138685996924,89.61693225497129,0.7719203478429245,7.005847089029673
R2_0038.png,/content/STANDUP_Database/diabetic/R2/thermal/R2_0038.png,R2,R2_P19,T10,0.17148715912022824,0.996225319355554,0.2577027339760784,0.996225319355554,12,22.179212971318062,64.73918962204219,0.7754000632824192,6.640333422534749
R2_0039.png,/content/STANDUP_Database/diabetic/R2/thermal/R2_0039.png,R2,R2_P20,T0,0.27245022661650714,0.996818970462824,0.3338711412283259,0.996818970462824,19,24.66736220339735,114.43261531070489,0.7693355443801598,7.186195976016905
R2_0040.png,/content/STANDUP_Database/diabetic/R2/thermal/R2_0040.png,R2,R2_P20,T10,0.16624434619294337,0.9999999999593495,0.24331015805130035,0.9999999999593495,16,20.291067103311377,51.398022101221265,0.7810720829745624,6.622856112613083
R2_0041.png,/content/STANDUP_Database/diabetic/R2/thermal/R2_0041.png,R2,R2_P21,T0,0.23100659023730083,0.9999999999591836,0.31192627512022064,0.9999999999591836,12,23.632015583278214,86.84549167201178,0.7771451040459815,6.995635974846013
R2_0042.png,/content/STANDUP_Database/diabetic/R2/thermal/R2_0042.png,R2,R2_P21,T10,0.20701099724954888,0.9999999999591836,0.27938833745016695,0.9999999999591836,14,23.05897342241113,72.43469730942259,0.7614469640280045,7.159366686349276
R2_0043.png,/content/STANDUP_Database/diabetic/R2/thermal/R2_0043.png,R2,R2_P22,T0,0.23418646261753234,0.999917375816743,0.34957617378913936,0.999917375816743,4,25.882553303244034,113.03755605381835,0.7799332773492479,6.625176170027648
R2_0044.png,/content/STANDUP_Database/diabetic/R2/thermal/R2_0044.png,R2,R2_P22,T10,0.2770245826209367,0.9999999999595142,0.35369068370632395,0.9999999999595142,12,27.680958673560024,103.02186098655334,0.7416672926219994,7.435590126552436
R2_0045.png,/content/STANDUP_Database/diabetic/R2/thermal/R2_0045.png,R2,R2_P23,T0,0.21714248430779806,0.9999999999590163,0.2992634337428548,0.9999999999590163,11,23.452192767905075,90.79376201153667,0.7752298045776735,6.916776743055118
R2_0046.png,/content/STANDUP_Database/diabetic/R2/thermal/R2_0046.png,R2,R2_P23,T10,0.11505016045671894,0.9981257808838748,0.23097466487897356,0.9981257808838748,7,18.87182609474126,62.561058616276206,0.8452370824675549,5.3147230355773125
R2_0047.png,/content/STANDUP_Database/diabetic/R2/thermal/R2_0047.png,R2,R2_P24,T0,0.20451471521033907,0.9991566874270883,0.35248656715531135,0.9991566874270883,13,29.480369701847597,191.90851217170345,0.8279868187271339,5.653419410347993
R2_0048.png,/content/STANDUP_Database/diabetic/R2/thermal/R2_0048.png,R2,R2_P24,T10,0.1242102676505633,0.997282608641452,0.24991453344539502,0.997282608641452,8,21.482839224186854,87.6696828955852,0.8429917686014878,5.178799102959395
R2_0049.png,/content/STANDUP_Database/diabetic/R2/thermal/R2_0049.png,R2,R2_P25,T0,0.07607362691095712,0.9999999999591836,0.16041985288060295,0.9999999999591836,10,14.520806046081043,21.596492632928918,0.8534392161206871,5.316028703914569
R2_0050.png,/content/STANDUP_Database/diabetic/R2/thermal/R2_0050.png,R2,R2_P25,T10,0.013760892817737182,0.9990996398139634,0.10513067163773043,0.9990996398139634,1,4.489505674540596,19.60241832158941,0.9836484470805503,2.3346549778696906
R2_0051.png,/content/STANDUP_Database/diabetic/R2/thermal/R2_0051.png,R2,R2_P26,T0,0.17832251053776377,0.9991071428155134,0.2654016349895904,0.9991071428155134,5,22.894228643330315,53.47373478539831,0.7836892294480061,6.821473257832387
R2_0052.png,/content/STANDUP_Database/diabetic/R2/thermal/R2_0052.png,R2,R2_P26,T10,0.13098052770111565,0.9999999999596774,0.22543499353468807,0.9999999999596774,9,19.27504543630995,41.07311018578146,0.8093645743404224,6.110333464581181
R2_0053.png,/content/STANDUP_Database/diabetic/R2/thermal/R2_0053.png,R2,R2_P27,T0,0.12634382952907322,0.9999999999593495,0.2167327723746408,0.9999999999593495,10,20.65124391006412,47.75248238309218,0.7892842347019065,6.301475710181607
R2_0054.png,/content/STANDUP_Database/diabetic/R2/thermal/R2_0054.png,R2,R2_P27,T10,0.1362198878893282,0.9961943793502731,0.24388500009359487,0.9961943793502731,10,20.402766251610736,66.94690903267647,0.8177073842681748,5.865752865440793
R2_0055.png,/content/STANDUP_Database/diabetic/R2/thermal/R2_0055.png,R2,R2_P28,T0,0.20330722490323766,0.996278019363652,0.3027601080286551,0.996278019363652,7,22.445838370200146,79.30241031390689,0.8020483222264378,6.516917943478146
R2_0056.png,/content/STANDUP_Database/diabetic/R2/thermal/R2_0056.png,R2,R2_P28,T10,0.21450682454692674,0.9999999999596774,0.283379941118986,0.9999999999596774,28,23.539940456579146,73.95015214606572,0.7553431449427022,7.164128496990519
R2_0057.png,/content/STANDUP_Database/diabetic/R2/thermal/R2_0057.png,R2,R2_P29,T0,0.12361085518315558,0.9999999999588477,0.21973997879093107,0.9999999999588477,8,17.001635367522255,54.793041319670536,0.8373447584611943,5.644265979264678
R2_0058.png,/content/STANDUP_Database/diabetic/R2/thermal/R2_0058.png,R2,R2_P29,T10,0.07692603519229378,0.9999999999595142,0.20646138298847366,0.9999999999595142,3,14.258902069487583,65.5597373478582,0.9030817026679125,4.05900736479294
R2_0059.png,/content/STANDUP_Database/diabetic/R2/thermal/R2_0059.png,R2,R2_P30,T0,0.13268335032072173,0.9981748796674045,0.21733655488285988,0.9981748796674045,19,18.96656425851546,37.204356181937484,0.7997518295294567,6.226500601074333
R2_0060.png,/content/STANDUP_Database/diabetic/R2/thermal/R2_0060.png,R2,R2_P30,T10,0.09429457554088827,0.9999999999593495,0.2227483494650305,0.9999999999593495,8,15.714140775904163,57.89097533632668,0.8781560109481404,4.5581799578344055
R2_0061.png,/content/STANDUP_Database/diabetic/R2/thermal/R2_0061.png,R2,R2_P31,T0,0.2716041574362864,0.997658079584405,0.325502340723624,0.997658079584405,10,28.217744535021122,96.27410313901989,0.7414467475914567,7.82792146418622
R2_0062.png,/content/STANDUP_Database/diabetic/R2/thermal/R2_0062.png,R2,R2_P31,T10,0.2154444709386857,0.9993752602674141,0.2817988540882216,0.9993752602674141,6,24.506992895776524,62.97986066624443,0.7547864585392177,7.421927190437779
R2_0063.png,/content/STANDUP_Database/diabetic/R2/thermal/R2_0063.png,R2,R2_P32,T0,0.2519216647949025,0.9999999999596774,0.3623474917270567,0.9999999999596774,8,25.109526433925623,123.7702994875164,0.8045900976105438,6.569612562658575
R2_0064.png,/content/STANDUP_Database/diabetic/R2/thermal/R2_0064.png,R2,R2_P32,T10,0.27307562745291425,0.9985540774610185,0.35108695970483533,0.9985540774610185,4,29.63877102920957,141.4695307495305,0.7666269257496855,7.411406212071748
R2_0065.png,/content/STANDUP_Database/diabetic/R2/thermal/R2_0065.png,R2,R2_P33,T0,0.2164279686235112,0.9997072599121899,0.3155925184457808,0.9997072599121899,6,26.3216751787937,107.17436739270502,0.7802713617760607,6.752332060956561
R2_0066.png,/content/STANDUP_Database/diabetic/R2/thermal/R2_0066.png,R2,R2_P33,T10,0.18303148072565573,0.9958506223653174,0.27007500899336473,0.9958506223653174,10,21.73366226710621,67.0812379884737,0.7916683054922427,6.65500383707402
R2_0067.png,/content/STANDUP_Database/diabetic/R2/thermal/R2_0067.png,R2,R2_P34,T0,0.25214140383299477,0.9977691481046924,0.3463523107763845,0.9977691481046924,14,27.956064047015044,128.35814381808007,0.763811532548099,7.110066527044644
R2_0068.png,/content/STANDUP_Database/diabetic/R2/thermal/R2_0068.png,R2,R2_P34,T10,0.22378131368765963,0.9999999999590163,0.3301125070560209,0.9999999999590163,14,23.341225478061872,110.50636611147472,0.8049123843502931,6.440599562918377
R2_0069.png,/content/STANDUP_Database/diabetic/R2/thermal/R2_0069.png,R2,R2_P35,T0,0.166034407394215,0.9999999999593495,0.26368874516428414,0.9999999999593495,6,24.871241854855835,77.46804932735968,0.7975919856176601,6.387013572774824
R2_0070.png,/content/STANDUP_Database/diabetic/R2/thermal/R2_0070.png,R2,R2_P35,T10,0.1220548985166013,0.9985599077938367,0.23893754074176313,0.9985599077938367,4,18.871939123446396,59.146820948114765,0.8491746778882443,5.38550489504585
R2_0071.png,/content/STANDUP_Database/diabetic/R2/thermal/R2_0071.png,R2,R2_P36,T0,0.19448209950698353,0.9981025467626015,0.28202509073273213,0.9981025467626015,15,23.77930066908549,70.23026105061363,0.7748603721658179,6.73279658485877
R2_0072.png,/content/STANDUP_Database/diabetic/R2/thermal/R2_0072.png,R2,R2_P36,T10,0.23786292821712723,0.9999999999595142,0.31417405306422214,0.9999999999595142,13,26.560954150527067,92.00128122998638,0.7579199139281382,7.327626064488928
R2_0073.png,/content/STANDUP_Database/diabetic/R2/thermal/R2_0073.png,R2,R2_P37,T0,0.1898747276855575,0.9959677418953239,0.2886247333147175,0.9959677418953239,19,24.311804044011566,88.4824631646447,0.785562793073292,6.468231447660177
R2_0074.png,/content/STANDUP_Database/diabetic/R2/thermal/R2_0074.png,R2,R2_P37,T10,0.20280071883895714,0.9999999999595142,0.2971981873379699,0.9999999999595142,20,25.344728090195673,99.24943946188957,0.7886370863628047,6.5830544258809685
R2_0075.png,/content/STANDUP_Database/diabetic/R2/thermal/R2_0075.png,R2,R2_P38,T0,0.26436790832920554,0.9985599077938369,0.335998002104437,0.9985599077938369,9,25.74872040197908,113.15046444587439,0.7482677689391658,7.445975874494679
R2_0076.png,/content/STANDUP_Database/diabetic/R2/thermal/R2_0076.png,R2,R2_P38,T10,0.19370573821120904,0.9999999999595142,0.2961339478357443,0.9999999999595142,9,21.75397453052885,117.04880685458622,0.8019289226514882,6.25976334317506
R2_0077.png,/content/STANDUP_Database/diabetic/R2/thermal/R2_0077.png,R2,R2_P39,T0,0.19850908441760598,0.9959349593091082,0.344563408249831,0.9959349593091082,8,23.902374047738427,107.70191383729157,0.8214539589696105,5.823088246308144
R2_0078.png,/content/STANDUP_Database/diabetic/R2/thermal/R2_0078.png,R2,R2_P39,T10,0.24557177559474164,0.9999999999591836,0.3514387344310417,0.9999999999591836,6,26.492189035518518,103.98662716208074,0.7634477659229576,6.862594170961454
R2_0079.png,/content/STANDUP_Database/diabetic/R2/thermal/R2_0079.png,R2,R2_P40,T0,0.22215548457192122,0.9999999999591836,0.2997182564267477,0.9999999999591836,12,22.692133553787368,75.45671844971633,0.7714513069929028,7.125517822783236
R2_0080.png,/content/STANDUP_Database/diabetic/R2/thermal/R2_0080.png,R2,R2_P40,T10,0.1376757342150591,0.9981822688185482,0.2680593236707083,0.9981822688185482,9,20.476547083620527,88.12800288277234,0.8496906166122958,5.311115851324103
R2_0081.png,/content/STANDUP_Database/diabetic/R2/thermal/R2_0081.png,R2,R2_P41,T0,0.1849525545883324,0.9999999999547511,0.33595216435320396,0.9999999999547511,9,23.120456025636233,117.69786995516633,0.8405436807116984,5.490577056432903
R2_0082.png,/content/STANDUP_Database/diabetic/R2/thermal/R2_0082.png,R2,R2_P41,T10,0.18864205512005405,0.996225319355554,0.28029749687553346,0.996225319355554,5,23.16027190279159,71.9822229340229,0.7932151484764155,6.8371589158580965
R2_0083.png,/content/STANDUP_Database/diabetic/R2/thermal/R2_0083.png,R2,R2_P42,T0,0.1458633324092178,0.9970428987514743,0.2674587441139018,0.9970428987514743,7,19.797813636025083,89.29520339526445,0.8500571006925692,5.317291006428944
R2_0084.png,/content/STANDUP_Database/diabetic/R2/thermal/R2_0084.png,R2,R2_P42,T10,0.07499213257482912,0.9986199397382632,0.21324494801127417,0.9986199397382632,1,15.633449619667838,89.54344170404174,0.9069518028668052,3.898589071628877
H_0001.png,/content/STANDUP_Database/healthy/thermal/H_0001.png,healthy,H_P1,single,0.19846921431950892,0.9952699409051117,0.33864351939502574,0.9952699409051117,2,25.71198741163289,176.577474375415,0.8011000204539767,5.904653790577526
H_0002.png,/content/STANDUP_Database/healthy/thermal/H_0002.png,healthy,H_P2,single,0.18047803871272258,0.9999999999574468,0.31364756051782794,0.9999999999574468,4,24.134226356845055,162.9680893658054,0.8100696811339294,5.837680282062868
H_0003.png,/content/STANDUP_Database/healthy/thermal/H_0003.png,healthy,H_P3,single,0.1354292308581027,0.9999999999574468,0.26663385750851293,0.9999999999574468,2,19.340459929770603,100.02702594491323,0.8415388679631384,5.210543674304568
H_0004.png,/content/STANDUP_Database/healthy/thermal/H_0004.png,healthy,H_P4,single,0.1189899484283128,0.9999999999574468,0.2464567075184086,0.9999999999574468,2,19.218437740063447,117.46472613710091,0.8634625965996519,4.941606323827207
H_0005.png,/content/STANDUP_Database/healthy/thermal/H_0005.png,healthy,H_P5,single,0.2500887424636353,0.9999999999574468,0.35945028342132684,0.9999999999574468,7,32.0079763710761,204.26040999361234,0.7544033167566707,6.84355190976761
H_0006.png,/content/STANDUP_Database/healthy/thermal/H_0006.png,healthy,H_P6,single,0.18595982622304524,0.9999999999574468,0.3204552770064672,0.9999999999574468,5,24.732178622994326,159.68661915439895,0.8072311499928395,5.859463460051907
H_0007.png,/content/STANDUP_Database/healthy/thermal/H_0007.png,healthy,H_P7,single,0.194572648342474,0.9999999999574468,0.3192315507994039,0.9999999999574468,2,25.36456473446049,168.35818385651535,0.792609690244119,6.07368214528814
H_0008.png,/content/STANDUP_Database/healthy/thermal/H_0008.png,healthy,H_P8,single,0.17918077484910264,0.9999999999574468,0.3219394423959069,0.9999999999574468,8,25.070948543694374,160.64185618194676,0.8117038268030372,5.617440351027782
H_0009.png,/content/STANDUP_Database/healthy/thermal/H_0009.png,healthy,H_P9,single,0.19542203602675937,0.9999999999574468,0.3250698013237082,0.9999999999574468,6,27.351618341534486,183.84112748240088,0.7974289629816195,6.105693752678149
H_0010.png,/content/STANDUP_Database/healthy/thermal/H_0010.png,healthy,H_P10,single,0.16532325295513314,0.9999999999574468,0.2881853858213467,0.9999999999574468,3,20.31797160230338,104.5843209481172,0.8253844923936803,5.759988346006012
H_0011.png,/content/STANDUP_Database/healthy/thermal/H_0011.png,healthy,H_P11,single,0.21194179723431802,0.9999999999574468,0.3517658824666174,0.9999999999574468,8,27.941619088426403,192.05237027547912,0.7947969968750551,6.030641877897938
H_0012.png,/content/STANDUP_Database/healthy/thermal/H_0012.png,healthy,H_P12,single,0.09071594746884357,0.9999999999574468,0.23792231307241843,0.9999999999574468,2,15.094564374202232,97.94106342089115,0.8984061385853835,4.06993831774923
H_0013.png,/content/STANDUP_Database/healthy/thermal/H_0013.png,healthy,H_P13,single,0.15848267087042534,0.9999999999574468,0.3115639176085853,0.9999999999574468,4,21.803007798065547,142.2034352978978,0.831479846667242,5.236157438643685
H_0014.png,/content/STANDUP_Database/healthy/thermal/H_0014.png,healthy,H_P14,single,0.1410759841483146,0.9999999999574468,0.27120293106156773,0.9999999999574468,2,21.229184859022187,125.07895579757354,0.8269101748621155,5.350604080889865
H_0015.png,/content/STANDUP_Database/healthy/thermal/H_0015.png,healthy,H_P15,single,0.15549609003942827,0.9999999999574468,0.27900941587225087,0.9999999999574468,3,21.747463485650417,108.98510570148211,0.8211002833551281,5.654039412283414
H_0016.png,/content/STANDUP_Database/healthy/thermal/H_0016.png,healthy,H_P16,single,0.21308140775976953,0.9999999999574468,0.3450838175150869,0.9999999999574468,7,29.234607319725516,202.10966527868666,0.8016369654387137,6.143445349760306
H_0017.png,/content/STANDUP_Database/healthy/thermal/H_0017.png,healthy,H_P17,single,0.08475609490842194,0.9999999999574468,0.24496543589018324,0.9999999999574468,1,12.301726661480878,90.69186418962698,0.9133156849388716,3.7692353286931755
H_0018.png,/content/STANDUP_Database/healthy/thermal/H_0018.png,healthy,H_P18,single,0.13916469610890714,0.9999999999559471,0.2742031146067075,0.9999999999559471,3,20.47451078960324,104.6418161435057,0.8282632948939956,5.369999260860949
H_0019.png,/content/STANDUP_Database/healthy/thermal/H_0019.png,healthy,H_P19,single,0.16382173543781564,0.9999999999574468,0.31241992890235637,0.9999999999574468,9,25.916223090112698,182.43673926971687,0.8163331585934847,5.4986948189095415
H_0020.png,/content/STANDUP_Database/healthy/thermal/H_0020.png,healthy,H_P20,single,0.14594119087134416,0.9999999999574468,0.29646730314916836,0.9999999999574468,1,21.667933307055776,144.74951953876874,0.8556913989528854,5.080695008706146
H_0021.png,/content/STANDUP_Database/healthy/thermal/H_0021.png,healthy,H_P21,single,0.20379188100268134,0.9999999999574468,0.33854788132806246,0.9999999999574468,7,27.365682459198105,185.73554612429783,0.7913685239074555,6.0806301090307695
H_0022.png,/content/STANDUP_Database/healthy/thermal/H_0022.png,healthy,H_P22,single,0.19891418003395078,0.9999999999574468,0.3398398864131938,0.9999999999574468,5,25.992833895424962,165.9459481102005,0.8097307999661327,5.944768069165909
H_0023.png,/content/STANDUP_Database/healthy/thermal/H_0023.png,healthy,H_P23,single,0.1912429161059752,0.9977781434752376,0.2885517037667901,0.9977781434752376,7,21.853394653942015,97.50044042281338,0.7689149816001084,6.5403236125201305
H_0024.png,/content/STANDUP_Database/healthy/thermal/H_0024.png,healthy,H_P24,single,0.20352824127595176,0.994773519123325,0.3303673255154263,0.994773519123325,8,30.145536384191566,193.50460442026494,0.770299954628412,6.339907258890421
H_0025.png,/content/STANDUP_Database/healthy/thermal/H_0025.png,healthy,H_P25,single,0.2660249372209172,0.9999999999606299,0.37386428787168563,0.9999999999606299,10,35.98627957270219,302.0241832159182,0.7670534243270697,6.772263506201757
H_0026.png,/content/STANDUP_Database/healthy/thermal/H_0026.png,healthy,H_P26,single,0.06147382933329194,0.9996463931612622,0.1912336486757913,0.9996463931612622,1,10.49714005709918,52.79123959001028,0.9148866976928667,3.6395830518739056
H_0027.png,/content/STANDUP_Database/healthy/thermal/H_0027.png,healthy,H_P27,single,0.15851352814350786,0.9978430396143235,0.24475797180688483,0.9978430396143235,9,20.593390366528208,88.18613869315003,0.7679773400503794,6.335258844309214
H_0028.png,/content/STANDUP_Database/healthy/thermal/H_0028.png,healthy,H_P28,single,0.2000797683533899,0.9999999999591836,0.2633882903292671,0.9999999999591836,19,26.100789945797597,119.27766655990852,0.7208124387269269,7.451497451556149
H_0029.png,/content/STANDUP_Database/healthy/thermal/H_0029.png,healthy,H_P29,single,0.1351358239008553,0.9925283920684536,0.22885081178966693,0.9925283920684536,9,21.026533720017017,93.67949231262608,0.7802120738383591,6.072868328164735
H_0030.png,/content/STANDUP_Database/healthy/thermal/H_0030.png,healthy,H_P30,single,0.08744235371869695,0.9999999999598393,0.17490054112820513,0.9999999999598393,14,17.516005067963643,63.59172805894222,0.8287825791480705,5.428518252251573
H_0031.png,/content/STANDUP_Database/healthy/thermal/H_0031.png,healthy,H_P31,single,0.16266208117942763,0.9958677685538897,0.2725950146157856,0.9958677685538897,5,22.04609206122091,111.7926008968693,0.7976193027722897,6.0496222032138895
H_0032.png,/content/STANDUP_Database/healthy/thermal/H_0032.png,healthy,H_P32,single,0.20873120534065465,0.9967930028747665,0.3316170442011011,0.9967930028747665,6,25.913091603309482,163.66135490071989,0.7705382701187911,6.343350581597677
H_0033.png,/content/STANDUP_Database/healthy/thermal/H_0033.png,healthy,H_P33,single,0.05759797195199241,0.9999999999586776,0.21019384015135067,0.9999999999586776,1,9.858389016863507,86.30661434978136,0.945303688437437,3.17143751492722
H_0034.png,/content/STANDUP_Database/healthy/thermal/H_0034.png,healthy,H_P34,single,0.07840967945694545,0.9999999999588477,0.23019885686412236,0.9999999999588477,5,14.707749031376581,109.97821909033694,0.916394342463604,3.724098970495279
H_0035.png,/content/STANDUP_Database/healthy/thermal/H_0035.png,healthy,H_P35,single,0.2823809683615382,0.9999999999606299,0.38510743517157375,0.9999999999606299,14,40.23928059510584,285.1049807815854,0.7655619403240878,7.106430978526055
H_0036.png,/content/STANDUP_Database/healthy/thermal/H_0036.png,healthy,H_P36,single,0.1120592374798548,0.995614035044052,0.2681322438594784,0.995614035044052,6,22.36917058354426,141.88797245357037,0.8714170585082796,4.482229259126241
H_0037.png,/content/STANDUP_Database/healthy/thermal/H_0037.png,healthy,H_P37,single,0.058770374029258936,0.997704081591082,0.20487486575723377,0.997704081591082,1,10.929655736261921,85.97769859065282,0.938379483822039,3.267695530892386
H_0038.png,/content/STANDUP_Database/healthy/thermal/H_0038.png,healthy,H_P38,single,0.11237309096949044,0.9999999999585062,0.27167009164638056,0.9999999999585062,2,20.293534140005352,135.4693305573481,0.8740470965756526,4.444599291994583
H_0039.png,/content/STANDUP_Database/healthy/thermal/H_0039.png,healthy,H_P39,single,0.1453832258489151,0.9905217316637898,0.24181957932439127,0.9905217316637898,1,19.083503501440408,72.48162235746746,0.8005169385754479,6.052800650117363
H_0040.png,/content/STANDUP_Database/healthy/thermal/H_0040.png,healthy,H_P40,T0,0.23206181506770998,0.9991563554162312,0.36547519017847957,0.9991563554162312,15,31.85461924231893,181.58372037157852,0.787978163618788,6.411370378216272
H_0041.png,/content/STANDUP_Database/healthy/thermal/H_0041.png,healthy,H_P40,T10,0.16002692242193722,0.9977051060987726,0.25582659109570505,0.9977051060987726,10,20.582379472465288,81.28731582319634,0.7738054415416018,6.256694921554267
H_0042.png,/content/STANDUP_Database/healthy/thermal/H_0042.png,healthy,H_P41,T0,0.10802842774246714,0.9964756986732011,0.19880669628703762,0.9964756986732011,6,15.736846099032219,49.148302370279175,0.8210691034205845,5.551424004017112
H_0043.png,/content/STANDUP_Database/healthy/thermal/H_0043.png,healthy,H_P41,T10,0.045393211549609694,0.9908204245155722,0.1266344709898032,0.9908204245155722,6,11.252625222398205,32.55873638693388,0.8883717665867976,4.197606011449081
H_0044.png,/content/STANDUP_Database/healthy/thermal/H_0044.png,healthy,H_P42,T0,0.1355443101255724,0.9847350230017672,0.2216211876037126,0.9847350230017672,16,20.859960110401232,67.65158552210733,0.7707940651441584,6.365623904100075
H_0045.png,/content/STANDUP_Database/healthy/thermal/H_0045.png,healthy,H_P42,T10,0.1367414150704201,0.9951643307525916,0.2450283051929798,0.9951643307525916,5,20.205980208816193,81.3527786675275,0.8098841062547352,5.801243870831271
H_0046.png,/content/STANDUP_Database/healthy/thermal/H_0046.png,healthy,H_P43,T0,0.10996733728561886,0.9959677418953239,0.21395769271275925,0.9959677418953239,7,23.148102666109484,77.50792761051382,0.796937800916196,5.744755915998262
H_0047.png,/content/STANDUP_Database/healthy/thermal/H_0047.png,healthy,H_P43,T10,0.18442133335883143,0.9999999999591836,0.308308079368026,0.9999999999591836,12,21.91099258481111,119.08091768098359,0.8052136967887414,6.0244436115995335
H_0048.png,/content/STANDUP_Database/healthy/thermal/H_0048.png,healthy,H_P44,T0,0.08699370913548263,0.9644516342730561,0.1711406349902548,0.9644516342730561,7,15.424010823335799,51.64377802690945,0.830853544592341,5.351784462499702
H_0049.png,/content/STANDUP_Database/healthy/thermal/H_0049.png,healthy,H_P44,T10,0.08387182822078597,0.995918367306289,0.1895012007312619,0.995918367306289,4,14.13158942390344,60.492072389498,0.8719261628723118,4.646007907263838
H_0050.png,/content/STANDUP_Database/healthy/thermal/H_0050.png,healthy,H_P45,T0,0.18833259976853634,0.9940723176825221,0.29029565152740827,0.9940723176825221,5,23.282963306335525,108.64293721973924,0.7635799286046697,6.4105093319503785
H_0051.png,/content/STANDUP_Database/healthy/thermal/H_0051.png,healthy,H_P45,T10,0.10033211657792733,0.9665601179842953,0.19722931210934785,0.9665601179842953,8,16.79782599427619,66.20183376041535,0.818745269962426,5.2783477353557595
H_0052.png,/content/STANDUP_Database/healthy/thermal/H_0052.png,healthy,H_P46,T0,0.24279135051515732,0.9986617597449527,0.34527328414922487,0.9986617597449527,9,32.088363952037504,189.8353619474893,0.731596275035033,7.139947550646566
H_0053.png,/content/STANDUP_Database/healthy/thermal/H_0053.png,healthy,H_P46,T10,0.20101878767699652,0.9999999999593495,0.2690208078368418,0.9999999999593495,15,25.519349326451866,113.61987508008558,0.7322897444205404,7.019193374810524
H_0054.png,/content/STANDUP_Database/healthy/thermal/H_0054.png,healthy,H_P47,T0,0.1453832258489151,0.9905217316637898,0.24181957932439127,0.9905217316637898,1,19.083503501440408,72.48162235746746,0.8005169385754479,6.052800650117363
H_0055.png,/content/STANDUP_Database/healthy/thermal/H_0055.png,healthy,H_P47,T10,0.15246296353163655,0.9927667269020531,0.262100092211059,0.9927667269020531,9,18.098353877419054,105.86310858424628,0.8185007930668022,5.593512435310674
H_0056.png,/content/STANDUP_Database/healthy/thermal/H_0056.png,healthy,H_P48,T0,0.21458686061850107,0.9999999999598393,0.3000426347561031,0.9999999999598393,9,26.565338269723735,123.67945227419347,0.7379658532228471,7.118865093983403
H_0057.png,/content/STANDUP_Database/healthy/thermal/H_0057.png,healthy,H_P48,T10,0.15209396535580802,0.9999999999598393,0.25772815533852705,0.9999999999598393,12,19.785885661480627,98.02594490711778,0.7968215430078943,5.927370818025983
H_0058.png,/content/STANDUP_Database/healthy/thermal/H_0058.png,healthy,H_P49,T0,0.16807991348833798,0.9999999999598393,0.23467034246227605,0.9999999999598393,10,21.74984468373868,78.20499679692954,0.7488554997250546,6.843407290840887
H_0059.png,/content/STANDUP_Database/healthy/thermal/H_0059.png,healthy,H_P49,T10,0.06876555200770627,0.9999999999598393,0.1712657938068709,0.9999999999598393,4,12.82453903056725,57.095331518261055,0.8914929900713664,4.227277951029539
H_0060.png,/content/STANDUP_Database/healthy/thermal/H_0060.png,healthy,H_P50,T0,0.15974901000891667,0.9999999999596774,0.30699753573926764,0.9999999999596774,7,27.251164315490662,175.29736547087057,0.8082152424466605,5.5352413582607545
H_0061.png,/content/STANDUP_Database/healthy/thermal/H_0061.png,healthy,H_P50,T10,0.10494599417791377,0.9879999999604799,0.19838463018264504,0.9879999999604799,11,15.663058928112436,52.61871396541068,0.8184041736974028,5.385001064674297
H_0062.png,/content/STANDUP_Database/healthy/thermal/H_0062.png,healthy,H_P51,T0,0.2336640433317285,0.9958506223653174,0.3291063062109016,0.9958506223653174,11,34.03837765782203,163.8129404228225,0.7079036980798844,7.355714792975742
H_0063.png,/content/STANDUP_Database/healthy/thermal/H_0063.png,healthy,H_P51,T10,0.13284124979910428,0.9999999999593495,0.2475493041421163,0.9999999999593495,11,19.308569021695156,101.82691383729068,0.8246469898131821,5.407414410487465
H_0064.png,/content/STANDUP_Database/healthy/thermal/H_0064.png,healthy,H_P52,T0,0.15103833529682573,0.9986584274746448,0.25191515744746,0.9986584274746448,10,26.568485459598985,96.0347133247994,0.7487418373007918,6.431429677505142
H_0065.png,/content/STANDUP_Database/healthy/thermal/H_0065.png,healthy,H_P52,T10,0.10964845092099132,0.9962253193555543,0.2460802730565111,0.9962253193555543,4,17.84084717244761,131.84328955798364,0.8613878985814839,4.586461691075498
H_0066.png,/content/STANDUP_Database/healthy/thermal/H_0066.png,healthy,H_P53,T0,0.16458527599441797,0.9967124924866887,0.252795239030366,0.9967124924866887,8,28.41012480065689,124.13941383729508,0.7356891112237282,6.74594415858531
H_0067.png,/content/STANDUP_Database/healthy/thermal/H_0067.png,healthy,H_P53,T10,0.17399494611177402,0.9999999999593495,0.2693094432140033,0.9999999999593495,4,23.602074461425154,134.47841928252234,0.7717642169869141,6.316563662224153
H_0068.png,/content/STANDUP_Database/healthy/thermal/H_0068.png,healthy,H_P54,T0,0.2025635144993451,0.9999999999593495,0.3178280099076757,0.9999999999593495,5,27.622361606579968,140.52994875081367,0.7530802246458574,6.684285099608107
H_0069.png,/content/STANDUP_Database/healthy/thermal/H_0069.png,healthy,H_P54,T10,0.16933963458301685,0.9979508196312314,0.2511731673801771,0.9979508196312314,17,26.741468872168955,99.73991031390874,0.7272462285133696,6.871267822761484
H_0070.png,/content/STANDUP_Database/healthy/thermal/H_0070.png,healthy,H_P55,T0,0.14318156666299228,0.9866261397756452,0.25910574919931706,0.9866261397756452,9,22.148083835724876,101.66015374760539,0.800956243587939,5.81458983718592
H_0071.png,/content/STANDUP_Database/healthy/thermal/H_0071.png,healthy,H_P55,T10,0.09382822911952883,0.9971020407764425,0.19808647982487476,0.9971020407764425,6,19.625122941544753,90.70407591288385,0.8383913467238756,5.094797200009962
H_0072.png,/content/STANDUP_Database/healthy/thermal/H_0072.png,healthy,H_P56,T0,0.19594365591528193,0.9999999999598393,0.2950805264170118,0.9999999999598393,5,26.401338460587613,138.75096092249828,0.7575261675249926,6.63298809202546
H_0073.png,/content/STANDUP_Database/healthy/thermal/H_0073.png,healthy,H_P56,T10,0.09228503816291973,0.9999999999596774,0.21480732399793803,0.9999999999596774,4,16.54576607541447,89.21556694427223,0.8667111966309059,4.618630264104863
H_0074.png,/content/STANDUP_Database/healthy/thermal/H_0074.png,healthy,H_P57,T0,0.05379805544810666,0.9970668428911375,0.1619783970031242,0.9970668428911375,2,13.660144537939166,68.76645579757063,0.9088121093904339,3.803137991845501
H_0075.png,/content/STANDUP_Database/healthy/thermal/H_0075.png,healthy,H_P57,T10,0.07936515489513894,0.9999999999596774,0.19835416742192674,0.9999999999596774,4,15.86311334696467,92.48746796925687,0.8824554208658238,4.291263724322368
H_0076.png,/content/STANDUP_Database/healthy/thermal/H_0076.png,healthy,H_P58,T0,0.15954929158087158,0.9999999999593495,0.23001794484555393,0.9999999999593495,9,23.04060253352804,87.34397021140994,0.750939332490709,6.802322329657464
H_0077.png,/content/STANDUP_Database/healthy/thermal/H_0077.png,healthy,H_P58,T10,0.09455736706338835,0.9999999999598393,0.19011743328160446,0.9999999999598393,12,20.04028461389453,72.66015374760457,0.8229959819698641,5.373129950825215
H_0078.png,/content/STANDUP_Database/healthy/thermal/H_0078.png,healthy,H_P59,T0,0.1587029617189307,0.9999999999593495,0.25383661817190584,0.9999999999593495,15,27.038306542599123,109.12331838565844,0.7524915317313611,6.480440131370031
H_0079.png,/content/STANDUP_Database/healthy/thermal/H_0079.png,healthy,H_P59,T10,0.12672573108189417,0.9979423867902081,0.23709149822160624,0.9979423867902081,14,22.821620753056216,79.66992312620665,0.7919957719221914,5.690234080665126
H_0080.png,/content/STANDUP_Database/healthy/thermal/H_0080.png,healthy,H_P60,T0,0.28707581715371994,0.9999999999593495,0.3445732320510223,0.9999999999593495,9,28.89642586476689,149.03175048047385,0.7009053629227968,7.733597702270378
H_0081.png,/content/STANDUP_Database/healthy/thermal/H_0081.png,healthy,H_P60,T10,0.1452457904404753,0.9967906517043755,0.24417608083210074,0.9967906517043755,7,21.024453321595683,92.23138212684795,0.7932059344292856,6.0397276867864935
H_0082.png,/content/STANDUP_Database/healthy/thermal/H_0082.png,healthy,H_P61,T0,0.13358882275523584,0.9559570863540842,0.21738632464802007,0.9559570863540842,11,25.787626086154248,91.81986707239689,0.7535228734759069,6.469126485803959
H_0083.png,/content/STANDUP_Database/healthy/thermal/H_0083.png,healthy,H_P61,T10,0.16173604359915375,0.9977051060987726,0.26979647434466314,0.9977051060987726,12,21.77342930434699,99.86098654709065,0.7815876640424141,6.0465855776304185
H_0084.png,/content/STANDUP_Database/healthy/thermal/H_0084.png,healthy,H_P62,T0,0.20937159085642323,0.9999999999595142,0.29218297857786335,0.9999999999595142,9,27.62477343700022,122.5615791159602,0.7314433713601545,7.2385975615697
H_0085.png,/content/STANDUP_Database/healthy/thermal/H_0085.png,healthy,H_P62,T10,0.1907668076155403,0.9969719594749862,0.30051400857377025,0.9969719594749862,9,24.7415994236868,125.46648782832465,0.7686779478130581,6.4567799081727015
H_0086.png,/content/STANDUP_Database/healthy/thermal/H_0086.png,healthy,H_P63,T0,0.25475524299637486,0.9928856004157643,0.34803863214306213,0.9928856004157643,17,36.55207938416104,199.02354260091738,0.7095340243662326,7.384332809912118
H_0087.png,/content/STANDUP_Database/healthy/thermal/H_0087.png,healthy,H_P63,T10,0.1742117938813478,0.9999999999386503,0.2846659068875464,0.9999999999386503,12,34.967595677277444,144.26969891097426,0.7323770807740809,6.887995624599115
H_0088.png,/content/STANDUP_Database/healthy/thermal/H_0088.png,healthy,H_P64,T0,0.15052811830516405,0.9999999999596774,0.23855288289693766,0.9999999999596774,10,21.598439494578418,87.3166639974434,0.7769456048382062,6.2711774109732055
H_0089.png,/content/STANDUP_Database/healthy/thermal/H_0089.png,healthy,H_P64,T10,0.09685675923320461,0.9999999999596774,0.20544933364342002,0.9999999999596774,5,18.087330448646956,92.56694426650067,0.8490086551763117,4.890617729281306
H_0090.png,/content/STANDUP_Database/healthy/thermal/H_0090.png,healthy,H_P65,T0,0.11619771218546213,0.9991394147619392,0.2191785454917015,0.9991394147619392,1,17.814234584935086,83.43185458040205,0.8355227685013099,5.335157337967546
H_0091.png,/content/STANDUP_Database/healthy/thermal/H_0091.png,healthy,H_P65,T10,0.10284053294399252,0.996162927939946,0.2275543449277241,0.996162927939946,14,13.627782000062899,71.10109705317653,0.8609435406884619,4.704117038975373
H_0092.png,/content/STANDUP_Database/healthy/thermal/H_0092.png,healthy,H_P66,T0,0.15743174750883096,0.9829647339696307,0.2442781484779391,0.9829647339696307,15,24.905282162404625,97.02029948751496,0.7551595260768772,6.498530388603452
H_0093.png,/content/STANDUP_Database/healthy/thermal/H_0093.png,healthy,H_P66,T10,0.1204876291076649,0.9999999999590163,0.21621572056062074,0.9999999999590163,10,18.5609068953946,79.14525944907668,0.8082934267343168,5.5719059357871235
H_0094.png,/content/STANDUP_Database/healthy/thermal/H_0094.png,healthy,H_P67,T0,0.28893335936699294,0.9955908288831914,0.33852814194022657,0.9955908288831914,15,43.85037405249604,290.7339045484004,0.6523965626199882,8.402451415790209
H_0095.png,/content/STANDUP_Database/healthy/thermal/H_0095.png,healthy,H_P67,T10,0.10254004979022055,0.9907274112553598,0.19132832847867884,0.9907274112553598,10,19.24392029456259,79.43673926970294,0.8201308367588622,5.4314994231716005
H_0096.png,/content/STANDUP_Database/healthy/thermal/H_0096.png,healthy,H_P68,T0,0.1752356611118177,0.9999999999583333,0.22715718602313173,0.9999999999583333,19,27.691960996450387,107.89097533633212,0.7105556212752,7.393080276897736
H_0097.png,/content/STANDUP_Database/healthy/thermal/H_0097.png,healthy,H_P68,T10,0.10203491955837062,0.993775933568723,0.21787039870476116,0.993775933568723,11,16.400528944846666,97.90414798206837,0.8638572487035798,4.788492628798068
H_0098.png,/content/STANDUP_Database/healthy/thermal/H_0098.png,healthy,H_P69,T0,0.09499027506189012,0.9278971500085704,0.2155943380171238,0.9278971500085704,11,15.008187646971047,93.08814461884067,0.8649921707284203,4.599832041639965
H_0099.png,/content/STANDUP_Database/healthy/thermal/H_0099.png,healthy,H_P69,T10,0.0888121881596168,0.9956268221156013,0.19614179628266773,0.9956268221156013,17,10.558163607368087,53.26243193466035,0.8765652004408954,4.530875451181811
H_0100.png,/content/STANDUP_Database/healthy/thermal/H_0100.png,healthy,H_P70,T0,0.15978982128498057,0.9999999999583333,0.21959938192213932,0.9999999999583333,15,27.89157098815828,92.39205637412672,0.717528134095494,7.18769599897285
H_0101.png,/content/STANDUP_Database/healthy/thermal/H_0101.png,healthy,H_P70,T10,0.05245908688569871,0.9973973394622223,0.15112138298008457,0.9973973394622223,3,12.462782344560214,50.965046444590584,0.895109324230549,3.921505432440496
H_0102.png,/content/STANDUP_Database/healthy/thermal/H_0102.png,healthy,H_P71,T0,0.1556104069090523,0.9936974789498446,0.20783949644837355,0.9936974789498446,33,25.026876856955607,90.67144458681086,0.7240828270940532,7.127002152946486
H_0103.png,/content/STANDUP_Database/healthy/thermal/H_0103.png,healthy,H_P71,T10,0.06806962422144042,0.9963912393820945,0.1549328163435677,0.9963912393820945,6,12.947029330744975,53.38188661115028,0.8696039299546509,4.495041624460455
H_0104.png,/content/STANDUP_Database/healthy/thermal/H_0104.png,healthy,H_P72,T0,0.11169898771512964,0.995361781034936,0.20759021207178116,0.995361781034936,4,18.58218413813516,91.93169442665419,0.8348814947895952,5.2680333880169865
H_0105.png,/content/STANDUP_Database/healthy/thermal/H_0105.png,healthy,H_P72,T10,0.057855718825604446,0.9950029394064372,0.16219831852376776,0.9950029394064372,9,15.981729021320891,84.30469250481073,0.8986883232015157,3.9655398137134594
H_0106.png,/content/STANDUP_Database/healthy/thermal/H_0106.png,healthy,H_P73,T0,0.10658364961093945,0.9999999999596774,0.20693610085361866,0.9999999999596774,6,17.575551914552232,80.48486547085652,0.8375120700726302,5.183840359175864
H_0107.png,/content/STANDUP_Database/healthy/thermal/H_0107.png,healthy,H_P73,T10,0.08111745052980089,0.9999999999588477,0.20585258741114865,0.9999999999588477,15,15.529230040517465,134.02628523383538,0.8910777417486707,4.177164931222389
H_0108.png,/content/STANDUP_Database/healthy/thermal/H_0108.png,healthy,H_P74,T0,0.18959681394540728,0.9999999999598393,0.2432428834811707,0.9999999999598393,17,23.76202726461443,79.65669042281398,0.7255447982913606,7.305055522621692
H_0109.png,/content/STANDUP_Database/healthy/thermal/H_0109.png,healthy,H_P74,T10,0.06710864672830602,0.9999999999585062,0.18521332626050882,0.9999999999585062,6,11.956323070699009,72.9482303010932,0.9002514943600637,3.925743532098405
H_0110.png,/content/STANDUP_Database/healthy/thermal/H_0110.png,healthy,H_P75,T0,0.1901554548566454,0.9999999999598393,0.25445846628343327,0.9999999999598393,19,35.31512388010867,193.40288677132122,0.7085649876302333,7.417622086908406
H_0111.png,/content/STANDUP_Database/healthy/thermal/H_0111.png,healthy,H_P75,T10,0.08074426979770166,0.9985540774610187,0.20316078875471097,0.9985540774610187,4,14.713708693423726,92.82539237668787,0.8951040173827429,4.1542150288259805
H_0112.png,/content/STANDUP_Database/healthy/thermal/H_0112.png,healthy,H_P76,T0,0.15229507060518027,0.9999999999607843,0.288755017543065,0.9999999999607843,3,22.07759429252591,165.2974055093026,0.835866758579992,5.306816785275028
H_0113.png,/content/STANDUP_Database/healthy/thermal/H_0113.png,healthy,H_P76,T10,0.095199457930656,0.9999999999595142,0.230263326432546,0.9999999999595142,1,16.640133324524175,110.61402946829698,0.8831174582160922,4.306680349133874
H_0114.png,/content/STANDUP_Database/healthy/thermal/H_0114.png,healthy,H_P77,T0,0.10509518771577292,0.9966815994285403,0.19957197171056656,0.9966815994285403,7,15.86841997757165,65.44358584241276,0.8359122194231662,5.373613979040727
H_0115.png,/content/STANDUP_Database/healthy/thermal/H_0115.png,healthy,H_P77,T10,0.1652199193834126,0.99822904364234,0.29778266424164856,0.99822904364234,9,22.099299756915894,169.59344971173655,0.8301988618176764,5.500955203719689
H_0116.png,/content/STANDUP_Database/healthy/thermal/H_0116.png,healthy,H_P78,T0,0.06947712547023037,0.9999999999497488,0.2147456036522014,0.9999999999497488,1,10.77927236858586,55.465286675212504,0.9167352198057506,3.688846116920784
H_0117.png,/content/STANDUP_Database/healthy/thermal/H_0117.png,healthy,H_P78,T10,0.1617981285795363,0.996255760328492,0.2339844062153211,0.996255760328492,11,19.986662175616832,63.381005765539484,0.7695225393578905,6.751271255674622
H_0118.png,/content/STANDUP_Database/healthy/thermal/H_0118.png,healthy,H_P79,T0,0.22792032594281667,0.9998270494214878,0.29465305342193066,0.9998270494214878,11,34.58082878545689,147.12491992313923,0.6889955010667669,7.69209856607976
H_0119.png,/content/STANDUP_Database/healthy/thermal/H_0119.png,healthy,H_P79,T10,0.15822709504060978,0.9998724489379305,0.23605447921051712,0.9998724489379305,6,24.075814765991684,72.99319346573199,0.7445854409504297,6.7686061810705835
H_0120.png,/content/STANDUP_Database/healthy/thermal/H_0120.png,healthy,H_P80,T0,0.1418682450226858,0.9997108154598151,0.23970394459319933,0.9997108154598151,8,21.121696562280295,127.10694266496643,0.821944449500915,5.686720770443181
H_0121.png,/content/STANDUP_Database/healthy/thermal/H_0121.png,healthy,H_P80,T10,0.08268041590327979,0.9947735191233252,0.20532380235002642,0.9947735191233252,3,14.93475155058427,98.59721332479775,0.8896772445029609,4.199960960554825
H_0122.png,/content/STANDUP_Database/healthy/thermal/H_0122.png,healthy,H_P81,T0,0.1533783811155014,0.9957983192858908,0.2802199035991344,0.9957983192858908,8,20.993253853981784,128.23946989110425,0.8224381482445643,5.530209108832898
H_0123.png,/content/STANDUP_Database/healthy/thermal/H_0123.png,healthy,H_P81,T10,0.12272581767021899,0.9999571256654108,0.26690317065262703,0.9999571256654108,8,17.641498832914916,130.1333680333207,0.8561520835080433,4.715709699035703
H_0124.png,/content/STANDUP_Database/healthy/thermal/H_0124.png,healthy,H_P82,T0,0.12981925025759708,0.9841269840849276,0.2751630011936249,0.9841269840849276,5,22.965544763206903,144.9592408712532,0.8506241819859787,4.933676111480384
H_0125.png,/content/STANDUP_Database/healthy/thermal/H_0125.png,healthy,H_P82,T10,0.20520244627470963,0.9911504424340198,0.3094138676026593,0.9911504424340198,6,24.774458861560696,130.87652146061248,0.7616937183196258,6.49143806013642
