filename,path,label,patient_id,timepoint
R0_0001.png,/content/STANDUP_Database/diabetic/R0/RGB/R0_0001.png,R0,R0_P1,T0
R0_0002.png,/content/STANDUP_Database/diabetic/R0/RGB/R0_0002.png,R0,R0_P1,T10
R0_0003.png,/content/STANDUP_Database/diabetic/R0/RGB/R0_0003.png,R0,R0_P2,T0
R0_0004.png,/content/STANDUP_Database/diabetic/R0/RGB/R0_0004.png,R0,R0_P2,T10
R0_0005.png,/content/STANDUP_Database/diabetic/R0/RGB/R0_0005.png,R0,R0_P3,T0
R0_0006.png,/content/STANDUP_Database/diabetic/R0/RGB/R0_0006.png,R0,R0_P3,T10
R0_0007.png,/content/STANDUP_Database/diabetic/R0/RGB/R0_0007.png,R0,R0_P4,T0
R0_0008.png,/content/STANDUP_Database/diabetic/R0/RGB/R0_0008.png,R0,R0_P4,T10
R0_0009.png,/content/STANDUP_Database/diabetic/R0/RGB/R0_0009.png,R0,R0_P5,T0
R0_0010.png,/content/STANDUP_Database/diabetic/R0/RGB/R0_0010.png,R0,R0_P5,T10
R0_0011.png,/content/STANDUP_Database/diabetic/R0/RGB/R0_0011.png,R0,R0_P6,T0
R0_0012.png,/content/STANDUP_Database/diabetic/R0/RGB/R0_0012.png,R0,R0_P6,T10
R0_0013.png,/content/STANDUP_Database/diabetic/R0/RGB/R0_0013.png,R0,R0_P7,T0
R0_0014.png,/content/STANDUP_Database/diabetic/R0/RGB/R0_0014.png,R0,R0_P7,T10
R0_0015.png,/content/STANDUP_Database/diabetic/R0/RGB/R0_0015.png,R0,R0_P8,T0
R0_0016.png,/content/STANDUP_Database/diabetic/R0/RGB/R0_0016.png,R0,R0_P8,T10
R0_0017.png,/content/STANDUP_Database/diabetic/R0/RGB/R0_0017.png,R0,R0_P9,T0
R0_0018.png,/content/STANDUP_Database/diabetic/R0/RGB/R0_0018.png,R0,R0_P9,T10
R0_0019.png,/content/STANDUP_Database/diabetic/R0/RGB/R0_0019.png,R0,R0_P10,T0
R0_0020.png,/content/STANDUP_Database/diabetic/R0/RGB/R0_0020.png,R0,R0_P10,T10
R0_0021.png,/content/STANDUP_Database/diabetic/R0/RGB/R0_0021.png,R0,R0_P11,T0
R0_0022.png,/content/STANDUP_Database/diabetic/R0/RGB/R0_0022.png,R0,R0_P11,T10
R0_0023.png,/content/STANDUP_Database/diabetic/R0/RGB/R0_0023.png,R0,R0_P12,T0
R0_0024.png,/content/STANDUP_Database/diabetic/R0/RGB/R0_0024.png,R0,R0_P12,T10
R0_0025.png,/content/STANDUP_Database/diabetic/R0/RGB/R0_0025.png,R0,R0_P13,T0
R0_0026.png,/content/STANDUP_Database/diabetic/R0/RGB/R0_0026.png,R0,R0_P13,T10
R0_0027.png,/content/STANDUP_Database/diabetic/R0/RGB/R0_0027.png,R0,R0_P14,T0
R0_0028.png,/content/STANDUP_Database/diabetic/R0/RGB/R0_0028.png,R0,R0_P14,T10
R0_0029.png,/content/STANDUP_Database/diabetic/R0/RGB/R0_0029.png,R0,R0_P15,T0
R0_0030.png,/content/STANDUP_Database/diabetic/R0/RGB/R0_0030.png,R0,R0_P15,T10
R0_0031.png,/content/STANDUP_Database/diabetic/R0/RGB/R0_0031.png,R0,R0_P16,T0
R0_0032.png,/content/STANDUP_Database/diabetic/R0/RGB/R0_0032.png,R0,R0_P16,T10
R0_0033.png,/content/STANDUP_Database/diabetic/R0/RGB/R0_0033.png,R0,R0_P17,T0
R0_0034.png,/content/STANDUP_Database/diabetic/R0/RGB/R0_0034.png,R0,R0_P17,T10
R0_0035.png,/content/STANDUP_Database/diabetic/R0/RGB/R0_0035.png,R0,R0_P18,T0
R0_0036.png,/content/STANDUP_Database/diabetic/R0/RGB/R0_0036.png,R0,R0_P18,T10
R0_0037.png,/content/STANDUP_Database/diabetic/R0/RGB/R0_0037.png,R0,R0_P19,T0
R0_0038.png,/content/STANDUP_Database/diabetic/R0/RGB/R0_0038.png,R0,R0_P19,T10
R0_0039.png,/content/STANDUP_Database/diabetic/R0/RGB/R0_0039.png,R0,R0_P20,T0
R0_0040.png,/content/STANDUP_Database/diabetic/R0/RGB/R0_0040.png,R0,R0_P20,T10
R0_0041.png,/content/STANDUP_Database/diabetic/R0/RGB/R0_0041.png,R0,R0_P21,T0
R0_0042.png,/content/STANDUP_Database/diabetic/R0/RGB/R0_0042.png,R0,R0_P21,T10
R0_0043.png,/content/STANDUP_Database/diabetic/R0/RGB/R0_0043.png,R0,R0_P22,T0
R0_0044.png,/content/STANDUP_Database/diabetic/R0/RGB/R0_0044.png,R0,R0_P22,T10
R0_0045.png,/content/STANDUP_Database/diabetic/R0/RGB/R0_0045.png,R0,R0_P23,T0
R0_0046.png,/content/STANDUP_Database/diabetic/R0/RGB/R0_0046.png,R0,R0_P23,T10
R0_0047.png,/content/STANDUP_Database/diabetic/R0/RGB/R0_0047.png,R0,R0_P24,T0
R0_0048.png,/content/STANDUP_Database/diabetic/R0/RGB/R0_0048.png,R0,R0_P24,T10
R0_0049.png,/content/STANDUP_Database/diabetic/R0/RGB/R0_0049.png,R0,R0_P25,T0
R0_0050.png,/content/STANDUP_Database/diabetic/R0/RGB/R0_0050.png,R0,R0_P25,T10
R0_0051.png,/content/STANDUP_Database/diabetic/R0/RGB/R0_0051.png,R0,R0_P26,T0
R0_0052.png,/content/STANDUP_Database/diabetic/R0/RGB/R0_0052.png,R0,R0_P26,T10
R0_0053.png,/content/STANDUP_Database/diabetic/R0/RGB/R0_0053.png,R0,R0_P27,T0
R0_0054.png,/content/STANDUP_Database/diabetic/R0/RGB/R0_0054.png,R0,R0_P27,T10
R0_0055.png,/content/STANDUP_Database/diabetic/R0/RGB/R0_0055.png,R0,R0_P28,T0
R0_0056.png,/content/STANDUP_Database/diabetic/R0/RGB/R0_0056.png,R0,R0_P28,T10
R0_0057.png,/content/STANDUP_Database/diabetic/R0/RGB/R0_0057.png,R0,R0_P29,T0
R0_0058.png,/content/STANDUP_Database/diabetic/R0/RGB/R0_0058.png,R0,R0_P29,T10
R0_0059.png,/content/STANDUP_Database/diabetic/R0/RGB/R0_0059.png,R0,R0_P30,T0
R0_0060.png,/content/STANDUP_Database/diabetic/R0/RGB/R0_0060.png,R0,R0_P30,T10
R0_0061.png,/content/STANDUP_Database/diabetic/R0/RGB/R0_0061.png,R0,R0_P31,T0
R0_0062.png,/content/STANDUP_Database/diabetic/R0/RGB/R0_0062.png,R0,R0_P31,T10
R0_0063.png,/content/STANDUP_Database/diabetic/R0/RGB/R0_0063.png,R0,R0_P32,T0
R0_0064.png,/content/STANDUP_Database/diabetic/R0/RGB/R0_0064.png,R0,R0_P32,T10
R0_0065.png,/content/STANDUP_Database/diabetic/R0/RGB/R0_0065.png,R0,R0_P33,T0
R0_0066.png,/content/STANDUP_Database/diabetic/R0/RGB/R0_0066.png,R0,R0_P33,T10
R0_0067.png,/content/STANDUP_Database/diabetic/R0/RGB/R0_0067.png,R0,R0_P34,T0
R0_0068.png,/content/STANDUP_Database/diabetic/R0/RGB/R0_0068.png,R0,R0_P34,T10
R0_0069.png,/content/STANDUP_Database/diabetic/R0/RGB/R0_0069.png,R0,R0_P35,T0
R0_0070.png,/content/STANDUP_Database/diabetic/R0/RGB/R0_0070.png,R0,R0_P35,T10
R0_0071.png,/content/STANDUP_Database/diabetic/R0/RGB/R0_0071.png,R0,R0_P36,T0
R0_0072.png,/content/STANDUP_Database/diabetic/R0/RGB/R0_0072.png,R0,R0_P36,T10
R0_0073.png,/content/STANDUP_Database/diabetic/R0/RGB/R0_0073.png,R0,R0_P37,T0
R0_0074.png,/content/STANDUP_Database/diabetic/R0/RGB/R0_0074.png,R0,R0_P37,T10
R0_0075.png,/content/STANDUP_Database/diabetic/R0/RGB/R0_0075.png,R0,R0_P38,T0
R0_0076.png,/content/STANDUP_Database/diabetic/R0/RGB/R0_0076.png,R0,R0_P38,T10
R0_0077.png,/content/STANDUP_Database/diabetic/R0/RGB/R0_0077.png,R0,R0_P39,T0
R0_0078.png,/content/STANDUP_Database/diabetic/R0/RGB/R0_0078.png,R0,R0_P39,T10
R0_0079.png,/content/STANDUP_Database/diabetic/R0/RGB/R0_0079.png,R0,R0_P40,T0
R0_0080.png,/content/STANDUP_Database/diabetic/R0/RGB/R0_0080.png,R0,R0_P40,T10
R0_0081.png,/content/STANDUP_Database/diabetic/R0/RGB/R0_0081.png,R0,R0_P41,T0
R0_0082.png,/content/STANDUP_Database/diabetic/R0/RGB/R0_0082.png,R0,R0_P41,T10
R0_0083.png,/content/STANDUP_Database/diabetic/R0/RGB/R0_0083.png,R0,R0_P42,T0
R0_0084.png,/content/STANDUP_Database/diabetic/R0/RGB/R0_0084.png,R0,R0_P42,T10
R0_0085.png,/content/STANDUP_Database/diabetic/R0/RGB/R0_0085.png,R0,R0_P43,T0
R0_0086.png,/content/STANDUP_Database/diabetic/R0/RGB/R0_0086.png,R0,R0_P43,T10
R0_0087.png,/content/STANDUP_Database/diabetic/R0/RGB/R0_0087.png,R0,R0_P44,T0
R0_0088.png,/content/STANDUP_Database/diabetic/R0/RGB/R0_0088.png,R0,R0_P44,T10
R0_0089.png,/content/STANDUP_Database/diabetic/R0/RGB/R0_0089.png,R0,R0_P45,T0
R0_0090.png,/content/STANDUP_Database/diabetic/R0/RGB/R0_0090.png,R0,R0_P45,T10
R0_0091.png,/content/STANDUP_Database/diabetic/R0/RGB/R0_0091.png,R0,R0_P46,T0
R0_0092.png,/content/STANDUP_Database/diabetic/R0/RGB/R0_0092.png,R0,R0_P46,T10
R0_0093.png,/content/STANDUP_Database/diabetic/R0/RGB/R0_0093.png,R0,R0_P47,T0
R0_0094.png,/content/STANDUP_Database/diabetic/R0/RGB/R0_0094.png,R0,R0_P47,T10
R0_0095.png,/content/STANDUP_Database/diabetic/R0/RGB/R0_0095.png,R0,R0_P48,T0
R0_0096.png,/content/STANDUP_Database/diabetic/R0/RGB/R0_0096.png,R0,R0_P48,T10
R0_0097.png,/content/STANDUP_Database/diabetic/R0/RGB/R0_0097.png,R0,R0_P49,T0
R0_0098.png,/content/STANDUP_Database/diabetic/R0/RGB/R0_0098.png,R0,R0_P49,T10
R0_0099.png,/content/STANDUP_Database/diabetic/R0/RGB/R0_0099.png,R0,R0_P50,T0
R0_0100.png,/content/STANDUP_Database/diabetic/R0/RGB/R0_0100.png,R0,R0_P50,T10
R0_0101.png,/content/STANDUP_Database/diabetic/R0/RGB/R0_0101.png,R0,R0_P51,T0
R0_0102.png,/content/STANDUP_Database/diabetic/R0/RGB/R0_0102.png,R0,R0_P51,T10
R0_0103.png,/content/STANDUP_Database/diabetic/R0/RGB/R0_0103.png,R0,R0_P52,T0
R0_0104.png,/content/STANDUP_Database/diabetic/R0/RGB/R0_0104.png,R0,R0_P52,T10
R0_0105.png,/content/STANDUP_Database/diabetic/R0/RGB/R0_0105.png,R0,R0_P53,T0
R0_0106.png,/content/STANDUP_Database/diabetic/R0/RGB/R0_0106.png,R0,R0_P53,T10
R0_0107.png,/content/STANDUP_Database/diabetic/R0/RGB/R0_0107.png,R0,R0_P54,T0
R0_0108.png,/content/STANDUP_Database/diabetic/R0/RGB/R0_0108.png,R0,R0_P54,T10
R0_0109.png,/content/STANDUP_Database/diabetic/R0/RGB/R0_0109.png,R0,R0_P55,T0
R0_0110.png,/content/STANDUP_Database/diabetic/R0/RGB/R0_0110.png,R0,R0_P55,T10
R0_0111.png,/content/STANDUP_Database/diabetic/R0/RGB/R0_0111.png,R0,R0_P56,T0
R0_0112.png,/content/STANDUP_Database/diabetic/R0/RGB/R0_0112.png,R0,R0_P56,T10
R0_0113.png,/content/STANDUP_Database/diabetic/R0/RGB/R0_0113.png,R0,R0_P57,T0
R0_0114.png,/content/STANDUP_Database/diabetic/R0/RGB/R0_0114.png,R0,R0_P57,T10
R0_0115.png,/content/STANDUP_Database/diabetic/R0/RGB/R0_0115.png,R0,R0_P58,T0
R0_0116.png,/content/STANDUP_Database/diabetic/R0/RGB/R0_0116.png,R0,R0_P58,T10
R0_0117.png,/content/STANDUP_Database/diabetic/R0/RGB/R0_0117.png,R0,R0_P59,T0
R0_0118.png,/content/STANDUP_Database/diabetic/R0/RGB/R0_0118.png,R0,R0_P59,T10
R0_0119.png,/content/STANDUP_Database/diabetic/R0/RGB/R0_0119.png,R0,R0_P60,T0
R0_0120.png,/content/STANDUP_Database/diabetic/R0/RGB/R0_0120.png,R0,R0_P60,T10
R0_0121.png,/content/STANDUP_Database/diabetic/R0/RGB/R0_0121.png,R0,R0_P61,T0
R0_0122.png,/content/STANDUP_Database/diabetic/R0/RGB/R0_0122.png,R0,R0_P61,T10
R0_0123.png,/content/STANDUP_Database/diabetic/R0/RGB/R0_0123.png,R0,R0_P62,T0
R0_0124.png,/content/STANDUP_Database/diabetic/R0/RGB/R0_0124.png,R0,R0_P62,T10
R0_0125.png,/content/STANDUP_Database/diabetic/R0/RGB/R0_0125.png,R0,R0_P63,T0
R0_0126.png,/content/STANDUP_Database/diabetic/R0/RGB/R0_0126.png,R0,R0_P63,T10
R0_0127.png,/content/STANDUP_Database/diabetic/R0/RGB/R0_0127.png,R0,R0_P64,T0
R0_0128.png,/content/STANDUP_Database/diabetic/R0/RGB/R0_0128.png,R0,R0_P64,T10
R0_0129.png,/content/STANDUP_Database/diabetic/R0/RGB/R0_0129.png,R0,R0_P65,T0
R0_0130.png,/content/STANDUP_Database/diabetic/R0/RGB/R0_0130.png,R0,R0_P65,T10
R0_0131.png,/content/STANDUP_Database/diabetic/R0/RGB/R0_0131.png,R0,R0_P66,T0
R0_0132.png,/content/STANDUP_Database/diabetic/R0/RGB/R0_0132.png,R0,R0_P66,T10
R0_0133.png,/content/STANDUP_Database/diabetic/R0/RGB/R0_0133.png,R0,R0_P67,T0
R0_0134.png,/content/STANDUP_Database/diabetic/R0/RGB/R0_0134.png,R0,R0_P67,T10
R0_0135.png,/content/STANDUP_Database/diabetic/R0/RGB/R0_0135.png,R0,R0_P68,T0
R0_0136.png,/content/STANDUP_Database/diabetic/R0/RGB/R0_0136.png,R0,R0_P68,T10
R0_0137.png,/content/STANDUP_Database/diabetic/R0/RGB/R0_0137.png,R0,R0_P69,T0
R0_0138.png,/content/STANDUP_Database/diabetic/R0/RGB/R0_0138.png,R0,R0_P69,T10
R1_0001.png,/content/STANDUP_Database/diabetic/R1/RGB/R1_0001.png,R1,R1_P1,T0
R1_0002.png,/content/STANDUP_Database/diabetic/R1/RGB/R1_0002.png,R1,R1_P1,T10
R1_0003.png,/content/STANDUP_Database/diabetic/R1/RGB/R1_0003.png,R1,R1_P2,T0
R1_0004.png,/content/STANDUP_Database/diabetic/R1/RGB/R1_0004.png,R1,R1_P2,T10
R1_0005.png,/content/STANDUP_Database/diabetic/R1/RGB/R1_0005.png,R1,R1_P3,T0
R1_0006.png,/content/STANDUP_Database/diabetic/R1/RGB/R1_0006.png,R1,R1_P3,T10
R1_0007.png,/content/STANDUP_Database/diabetic/R1/RGB/R1_0007.png,R1,R1_P4,T0
R1_0008.png,/content/STANDUP_Database/diabetic/R1/RGB/R1_0008.png,R1,R1_P4,T10
R1_0009.png,/content/STANDUP_Database/diabetic/R1/RGB/R1_0009.png,R1,R1_P5,T0
R1_0010.png,/content/STANDUP_Database/diabetic/R1/RGB/R1_0010.png,R1,R1_P5,T10
R1_0011.png,/content/STANDUP_Database/diabetic/R1/RGB/R1_0011.png,R1,R1_P6,T0
R1_0012.png,/content/STANDUP_Database/diabetic/R1/RGB/R1_0012.png,R1,R1_P6,T10
R1_0013.png,/content/STANDUP_Database/diabetic/R1/RGB/R1_0013.png,R1,R1_P7,T0
R1_0014.png,/content/STANDUP_Database/diabetic/R1/RGB/R1_0014.png,R1,R1_P7,T10
R1_0015.png,/content/STANDUP_Database/diabetic/R1/RGB/R1_0015.png,R1,R1_P8,T0
R1_0016.png,/content/STANDUP_Database/diabetic/R1/RGB/R1_0016.png,R1,R1_P8,T10
R1_0017.png,/content/STANDUP_Database/diabetic/R1/RGB/R1_0017.png,R1,R1_P9,T0
R1_0018.png,/content/STANDUP_Database/diabetic/R1/RGB/R1_0018.png,R1,R1_P9,T10
R1_0019.png,/content/STANDUP_Database/diabetic/R1/RGB/R1_0019.png,R1,R1_P10,T0
R1_0020.png,/content/STANDUP_Database/diabetic/R1/RGB/R1_0020.png,R1,R1_P10,T10
R1_0021.png,/content/STANDUP_Database/diabetic/R1/RGB/R1_0021.png,R1,R1_P11,T0
R1_0022.png,/content/STANDUP_Database/diabetic/R1/RGB/R1_0022.png,R1,R1_P11,T10
R1_0023.png,/content/STANDUP_Database/diabetic/R1/RGB/R1_0023.png,R1,R1_P12,T0
R1_0024.png,/content/STANDUP_Database/diabetic/R1/RGB/R1_0024.png,R1,R1_P12,T10
R1_0025.png,/content/STANDUP_Database/diabetic/R1/RGB/R1_0025.png,R1,R1_P13,T0
R1_0026.png,/content/STANDUP_Database/diabetic/R1/RGB/R1_0026.png,R1,R1_P13,T10
R1_0027.png,/content/STANDUP_Database/diabetic/R1/RGB/R1_0027.png,R1,R1_P14,T0
R1_0028.png,/content/STANDUP_Database/diabetic/R1/RGB/R1_0028.png,R1,R1_P14,T10
R1_0029.png,/content/STANDUP_Database/diabetic/R1/RGB/R1_0029.png,R1,R1_P15,T0
R1_0030.png,/content/STANDUP_Database/diabetic/R1/RGB/R1_0030.png,R1,R1_P15,T10
R1_0031.png,/content/STANDUP_Database/diabetic/R1/RGB/R1_0031.png,R1,R1_P16,T0
R1_0032.png,/content/STANDUP_Database/diabetic/R1/RGB/R1_0032.png,R1,R1_P16,T10
R1_0033.png,/content/STANDUP_Database/diabetic/R1/RGB/R1_0033.png,R1,R1_P17,T0
R1_0034.png,/content/STANDUP_Database/diabetic/R1/RGB/R1_0034.png,R1,R1_P17,T10
R1_0035.png,/content/STANDUP_Database/diabetic/R1/RGB/R1_0035.png,R1,R1_P18,T0
R1_0036.png,/content/STANDUP_Database/diabetic/R1/RGB/R1_0036.png,R1,R1_P18,T10
R1_0037.png,/content/STANDUP_Database/diabetic/R1/RGB/R1_0037.png,R1,R1_P19,T0
R1_0038.png,/content/STANDUP_Database/diabetic/R1/RGB/R1_0038.png,R1,R1_P19,T10
R1_0039.png,/content/STANDUP_Database/diabetic/R1/RGB/R1_0039.png,R1,R1_P20,T0
R1_0040.png,/content/STANDUP_Database/diabetic/R1/RGB/R1_0040.png,R1,R1_P20,T10
R1_0041.png,/content/STANDUP_Database/diabetic/R1/RGB/R1_0041.png,R1,R1_P21,T0
R1_0042.png,/content/STANDUP_Database/diabetic/R1/RGB/R1_0042.png,R1,R1_P21,T10
R1_0043.png,/content/STANDUP_Database/diabetic/R1/RGB/R1_0043.png,R1,R1_P22,T0
R1_0044.png,/content/STANDUP_Database/diabetic/R1/RGB/R1_0044.png,R1,R1_P22,T10
R1_0045.png,/content/STANDUP_Database/diabetic/R1/RGB/R1_0045.png,R1,R1_P23,T0
R1_0046.png,/content/STANDUP_Database/diabetic/R1/RGB/R1_0046.png,R1,R1_P23,T10
R1_0047.png,/content/STANDUP_Database/diabetic/R1/RGB/R1_0047.png,R1,R1_P24,T0
R1_0048.png,/content/STANDUP_Database/diabetic/R1/RGB/R1_0048.png,R1,R1_P24,T10
R1_0049.png,/content/STANDUP_Database/diabetic/R1/RGB/R1_0049.png,R1,R1_P25,T0
R1_0050.png,/content/STANDUP_Database/diabetic/R1/RGB/R1_0050.png,R1,R1_P25,T10
R1_0051.png,/content/STANDUP_Database/diabetic/R1/RGB/R1_0051.png,R1,R1_P26,T0
R1_0052.png,/content/STANDUP_Database/diabetic/R1/RGB/R1_0052.png,R1,R1_P26,T10
R1_0053.png,/content/STANDUP_Database/diabetic/R1/RGB/R1_0053.png,R1,R1_P27,T0
R1_0054.png,/content/STANDUP_Database/diabetic/R1/RGB/R1_0054.png,R1,R1_P27,T10
R1_0055.png,/content/STANDUP_Database/diabetic/R1/RGB/R1_0055.png,R1,R1_P28,T0
R1_0056.png,/content/STANDUP_Database/diabetic/R1/RGB/R1_0056.png,R1,R1_P28,T10
R1_0057.png,/content/STANDUP_Database/diabetic/R1/RGB/R1_0057.png,R1,R1_P29,T0
R1_0058.png,/content/STANDUP_Database/diabetic/R1/RGB/R1_0058.png,R1,R1_P29,T10
R1_0059.png,/content/STANDUP_Database/diabetic/R1/RGB/R1_0059.png,R1,R1_P30,T0
R1_0060.png,/content/STANDUP_Database/diabetic/R1/RGB/R1_0060.png,R1,R1_P30,T10
R1_0061.png,/content/STANDUP_Database/diabetic/R1/RGB/R1_0061.png,R1,R1_P31,T0
R1_0062.png,/content/STANDUP_Database/diabetic/R1/RGB/R1_0062.png,R1,R1_P31,T10
R1_0063.png,/content/STANDUP_Database/diabetic/R1/RGB/R1_0063.png,R1,R1_P32,T0
R1_0064.png,/content/STANDUP_Database/diabetic/R1/RGB/R1_0064.png,R1,R1_P32,T10
R1_0065.png,/content/STANDUP_Database/diabetic/R1/RGB/R1_0065.png,R1,R1_P33,T0
R1_0066.png,/content/STANDUP_Database/diabetic/R1/RGB/R1_0066.png,R1,R1_P33,T10
R1_0067.png,/content/STANDUP_Database/diabetic/R1/RGB/R1_0067.png,R1,R1_P34,T0
R1_0068.png,/content/STANDUP_Database/diabetic/R1/RGB/R1_0068.png,R1,R1_P34,T10
R2_0001.png,/content/STANDUP_Database/diabetic/R2/RGB/R2_0001.png,R2,R2_P1,T0
R2_0002.png,/content/STANDUP_Database/diabetic/R2/RGB/R2_0002.png,R2,R2_P1,T10
R2_0003.png,/content/STANDUP_Database/diabetic/R2/RGB/R2_0003.png,R2,R2_P2,T0
R2_0004.png,/content/STANDUP_Database/diabetic/R2/RGB/R2_0004.png,R2,R2_P2,T10
R2_0005.png,/content/STANDUP_Database/diabetic/R2/RGB/R2_0005.png,R2,R2_P3,T0
R2_0006.png,/content/STANDUP_Database/diabetic/R2/RGB/R2_0006.png,R2,R2_P3,T10
R2_0007.png,/content/STANDUP_Database/diabetic/R2/RGB/R2_0007.png,R2,R2_P4,T0
R2_0008.png,/content/STANDUP_Database/diabetic/R2/RGB/R2_0008.png,R2,R2_P4,T10
R2_0009.png,/content/STANDUP_Database/diabetic/R2/RGB/R2_0009.png,R2,R2_P5,T0
R2_0010.png,/content/STANDUP_Database/diabetic/R2/RGB/R2_0010.png,R2,R2_P5,T10
R2_0011.png,/content/STANDUP_Database/diabetic/R2/RGB/R2_0011.png,R2,R2_P6,T0
R2_0012.png,/content/STANDUP_Database/diabetic/R2/RGB/R2_0012.png,R2,R2_P6,T10
R2_0013.png,/content/STANDUP_Database/diabetic/R2/RGB/R2_0013.png,R2,R2_P7,T0
R2_0014.png,/content/STANDUP_Database/diabetic/R2/RGB/R2_0014.png,R2,R2_P7,T10
R2_0015.png,/content/STANDUP_Database/diabetic/R2/RGB/R2_0015.png,R2,R2_P8,T0
R2_0016.png,/content/STANDUP_Database/diabetic/R2/RGB/R2_0016.png,R2,R2_P8,T10
R2_0017.png,/content/STANDUP_Database/diabetic/R2/RGB/R2_0017.png,R2,R2_P9,T0
R2_0018.png,/content/STANDUP_Database/diabetic/R2/RGB/R2_0018.png,R2,R2_P9,T10
R2_0019.png,/content/STANDUP_Database/diabetic/R2/RGB/R2_0019.png,R2,R2_P10,T0
R2_0020.png,/content/STANDUP_Database/diabetic/R2/RGB/R2_0020.png,R2,R2_P10,T10
R2_0021.png,/content/STANDUP_Database/diabetic/R2/RGB/R2_0021.png,R2,R2_P11,T0
R2_0022.png,/content/STANDUP_Database/diabetic/R2/RGB/R2_0022.png,R2,R2_P11,T10
R2_0023.png,/content/STANDUP_Database/diabetic/R2/RGB/R2_0023.png,R2,R2_P12,T0
R2_0024.png,/content/STANDUP_Database/diabetic/R2/RGB/R2_0024.png,R2,R2_P12,T10
R2_0025.png,/content/STANDUP_Database/diabetic/R2/RGB/R2_0025.png,R2,R2_P13,T0
R2_0026.png,/content/STANDUP_Database/diabetic/R2/RGB/R2_0026.png,R2,R2_P13,T10
R2_0027.png,/content/STANDUP_Database/diabetic/R2/RGB/R2_0027.png,R2,R2_P14,T0
R2_0028.png,/content/STANDUP_Database/diabetic/R2/RGB/R2_0028.png,R2,R2_P14,T10
R2_0029.png,/content/STANDUP_Database/diabetic/R2/RGB/R2_0029.png,R2,R2_P15,T0
R2_0030.png,/content/STANDUP_Database/diabetic/R2/RGB/R2_0030.png,R2,R2_P15,T10
R2_0031.png,/content/STANDUP_Database/diabetic/R2/RGB/R2_0031.png,R2,R2_P16,T0
R2_0032.png,/content/STANDUP_Database/diabetic/R2/RGB/R2_0032.png,R2,R2_P16,T10
R2_0033.png,/content/STANDUP_Database/diabetic/R2/RGB/R2_0033.png,R2,R2_P17,T0
R2_0034.png,/content/STANDUP_Database/diabetic/R2/RGB/R2_0034.png,R2,R2_P17,T10
R2_0035.png,/content/STANDUP_Database/diabetic/R2/RGB/R2_0035.png,R2,R2_P18,T0
R2_0036.png,/content/STANDUP_Database/diabetic/R2/RGB/R2_0036.png,R2,R2_P18,T10
R2_0037.png,/content/STANDUP_Database/diabetic/R2/RGB/R2_0037.png,R2,R2_P19,T0
R2_0038.png,/content/STANDUP_Database/diabetic/R2/RGB/R2_0038.png,R2,R2_P19,T10
R2_0039.png,/content/STANDUP_Database/diabetic/R2/RGB/R2_0039.png,R2,R2_P20,T0
R2_0040.png,/content/STANDUP_Database/diabetic/R2/RGB/R2_0040.png,R2,R2_P20,T10
R2_0041.png,/content/STANDUP_Database/diabetic/R2/RGB/R2_0041.png,R2,R2_P21,T0
R2_0042.png,/content/STANDUP_Database/diabetic/R2/RGB/R2_0042.png,R2,R2_P21,T10
R2_0043.png,/content/STANDUP_Database/diabetic/R2/RGB/R2_0043.png,R2,R2_P22,T0
R2_0044.png,/content/STANDUP_Database/diabetic/R2/RGB/R2_0044.png,R2,R2_P22,T10
R2_0045.png,/content/STANDUP_Database/diabetic/R2/RGB/R2_0045.png,R2,R2_P23,T0
R2_0046.png,/content/STANDUP_Database/diabetic/R2/RGB/R2_0046.png,R2,R2_P23,T10
R2_0047.png,/content/STANDUP_Database/diabetic/R2/RGB/R2_0047.png,R2,R2_P24,T0
R2_0048.png,/content/STANDUP_Database/diabetic/R2/RGB/R2_0048.png,R2,R2_P24,T10
R2_0049.png,/content/STANDUP_Database/diabetic/R2/RGB/R2_0049.png,R2,R2_P25,T0
R2_0050.png,/content/STANDUP_Database/diabetic/R2/RGB/R2_0050.png,R2,R2_P25,T10
R2_0051.png,/content/STANDUP_Database/diabetic/R2/RGB/R2_0051.png,R2,R2_P26,T0
R2_0052.png,/content/STANDUP_Database/diabetic/R2/RGB/R2_0052.png,R2,R2_P26,T10
R2_0053.png,/content/STANDUP_Database/diabetic/R2/RGB/R2_0053.png,R2,R2_P27,T0
R2_0054.png,/content/STANDUP_Database/diabetic/R2/RGB/R2_0054.png,R2,R2_P27,T10
R2_0055.png,/content/STANDUP_Database/diabetic/R2/RGB/R2_0055.png,R2,R2_P28,T0
R2_0056.png,/content/STANDUP_Database/diabetic/R2/RGB/R2_0056.png,R2,R2_P28,T10
R2_0057.png,/content/STANDUP_Database/diabetic/R2/RGB/R2_0057.png,R2,R2_P29,T0
R2_0058.png,/content/STANDUP_Database/diabetic/R2/RGB/R2_0058.png,R2,R2_P29,T10
R2_0059.png,/content/STANDUP_Database/diabetic/R2/RGB/R2_0059.png,R2,R2_P30,T0
R2_0060.png,/content/STANDUP_Database/diabetic/R2/RGB/R2_0060.png,R2,R2_P30,T10
R2_0061.png,/content/STANDUP_Database/diabetic/R2/RGB/R2_0061.png,R2,R2_P31,T0
R2_0062.png,/content/STANDUP_Database/diabetic/R2/RGB/R2_0062.png,R2,R2_P31,T10
R2_0063.png,/content/STANDUP_Database/diabetic/R2/RGB/R2_0063.png,R2,R2_P32,T0
R2_0064.png,/content/STANDUP_Database/diabetic/R2/RGB/R2_0064.png,R2,R2_P32,T10
R2_0065.png,/content/STANDUP_Database/diabetic/R2/RGB/R2_0065.png,R2,R2_P33,T0
R2_0066.png,/content/STANDUP_Database/diabetic/R2/RGB/R2_0066.png,R2,R2_P33,T10
R2_0067.png,/content/STANDUP_Database/diabetic/R2/RGB/R2_0067.png,R2,R2_P34,T0
R2_0068.png,/content/STANDUP_Database/diabetic/R2/RGB/R2_0068.png,R2,R2_P34,T10
R2_0069.png,/content/STANDUP_Database/diabetic/R2/RGB/R2_0069.png,R2,R2_P35,T0
R2_0070.png,/content/STANDUP_Database/diabetic/R2/RGB/R2_0070.png,R2,R2_P35,T10
R2_0071.png,/content/STANDUP_Database/diabetic/R2/RGB/R2_0071.png,R2,R2_P36,T0
R2_0072.png,/content/STANDUP_Database/diabetic/R2/RGB/R2_0072.png,R2,R2_P36,T10
R2_0073.png,/content/STANDUP_Database/diabetic/R2/RGB/R2_0073.png,R2,R2_P37,T0
R2_0074.png,/content/STANDUP_Database/diabetic/R2/RGB/R2_0074.png,R2,R2_P37,T10
R2_0075.png,/content/STANDUP_Database/diabetic/R2/RGB/R2_0075.png,R2,R2_P38,T0
R2_0076.png,/content/STANDUP_Database/diabetic/R2/RGB/R2_0076.png,R2,R2_P38,T10
R2_0077.png,/content/STANDUP_Database/diabetic/R2/RGB/R2_0077.png,R2,R2_P39,T0
R2_0078.png,/content/STANDUP_Database/diabetic/R2/RGB/R2_0078.png,R2,R2_P39,T10
R2_0079.png,/content/STANDUP_Database/diabetic/R2/RGB/R2_0079.png,R2,R2_P40,T0
R2_0080.png,/content/STANDUP_Database/diabetic/R2/RGB/R2_0080.png,R2,R2_P40,T10
R2_0081.png,/content/STANDUP_Database/diabetic/R2/RGB/R2_0081.png,R2,R2_P41,T0
R2_0082.png,/content/STANDUP_Database/diabetic/R2/RGB/R2_0082.png,R2,R2_P41,T10
R2_0083.png,/content/STANDUP_Database/diabetic/R2/RGB/R2_0083.png,R2,R2_P42,T0
R2_0084.png,/content/STANDUP_Database/diabetic/R2/RGB/R2_0084.png,R2,R2_P42,T10
H_0001.png,/content/STANDUP_Database/healthy/RGB/H_0001.png,healthy,H_P1,single
H_0002.png,/content/STANDUP_Database/healthy/RGB/H_0002.png,healthy,H_P2,single
H_0003.png,/content/STANDUP_Database/healthy/RGB/H_0003.png,healthy,H_P3,single
H_0004.png,/content/STANDUP_Database/healthy/RGB/H_0004.png,healthy,H_P4,single
H_0005.png,/content/STANDUP_Database/healthy/RGB/H_0005.png,healthy,H_P5,single
H_0006.png,/content/STANDUP_Database/healthy/RGB/H_0006.png,healthy,H_P6,single
H_0007.png,/content/STANDUP_Database/healthy/RGB/H_0007.png,healthy,H_P7,single
H_0008.png,/content/STANDUP_Database/healthy/RGB/H_0008.png,healthy,H_P8,single
H_0009.png,/content/STANDUP_Database/healthy/RGB/H_0009.png,healthy,H_P9,single
H_0010.png,/content/STANDUP_Database/healthy/RGB/H_0010.png,healthy,H_P10,single
H_0011.png,/content/STANDUP_Database/healthy/RGB/H_0011.png,healthy,H_P11,single
H_0012.png,/content/STANDUP_Database/healthy/RGB/H_0012.png,healthy,H_P12,single
H_0013.png,/content/STANDUP_Database/healthy/RGB/H_0013.png,healthy,H_P13,single
H_0014.png,/content/STANDUP_Database/healthy/RGB/H_0014.png,healthy,H_P14,single
H_0015.png,/content/STANDUP_Database/healthy/RGB/H_0015.png,healthy,H_P15,single
H_0016.png,/content/STANDUP_Database/healthy/RGB/H_0016.png,healthy,H_P16,single
H_0017.png,/content/STANDUP_Database/healthy/RGB/H_0017.png,healthy,H_P17,single
H_0018.png,/content/STANDUP_Database/healthy/RGB/H_0018.png,healthy,H_P18,single
H_0019.png,/content/STANDUP_Database/healthy/RGB/H_0019.png,healthy,H_P19,single
H_0020.png,/content/STANDUP_Database/healthy/RGB/H_0020.png,healthy,H_P20,single
H_0021.png,/content/STANDUP_Database/healthy/RGB/H_0021.png,healthy,H_P21,single
H_0022.png,/content/STANDUP_Database/healthy/RGB/H_0022.png,healthy,H_P22,single
H_0023.png,/content/STANDUP_Database/healthy/RGB/H_0023.png,healthy,H_P23,single
H_0024.png,/content/STANDUP_Database/healthy/RGB/H_0024.png,healthy,H_P24,single
H_0025.png,/content/STANDUP_Database/healthy/RGB/H_0025.png,healthy,H_P25,single
H_0026.png,/content/STANDUP_Database/healthy/RGB/H_0026.png,healthy,H_P26,single
H_0027.png,/content/STANDUP_Database/healthy/RGB/H_0027.png,healthy,H_P27,single
H_0028.png,/content/STANDUP_Database/healthy/RGB/H_0028.png,healthy,H_P28,single
H_0029.png,/content/STANDUP_Database/healthy/RGB/H_0029.png,healthy,H_P29,single
H_0030.png,/content/STANDUP_Database/healthy/RGB/H_0030.png,healthy,H_P30,single
H_0031.png,/content/STANDUP_Database/healthy/RGB/H_0031.png,healthy,H_P31,single
H_0032.png,/content/STANDUP_Database/healthy/RGB/H_0032.png,healthy,H_P32,single
H_0033.png,/content/STANDUP_Database/healthy/RGB/H_0033.png,healthy,H_P33,single
H_0034.png,/content/STANDUP_Database/healthy/RGB/H_0034.png,healthy,H_P34,single
H_0035.png,/content/STANDUP_Database/healthy/RGB/H_0035.png,healthy,H_P35,single
H_0036.png,/content/STANDUP_Database/healthy/RGB/H_0036.png,healthy,H_P36,single
H_0037.png,/content/STANDUP_Database/healthy/RGB/H_0037.png,healthy,H_P37,single
H_0038.png,/content/STANDUP_Database/healthy/RGB/H_0038.png,healthy,H_P38,single
H_0039.png,/content/STANDUP_Database/healthy/RGB/H_0039.png,healthy,H_P39,single
H_0040.png,/content/STANDUP_Database/healthy/RGB/H_0040.png,healthy,H_P40,T0
H_0041.png,/content/STANDUP_Database/healthy/RGB/H_0041.png,healthy,H_P40,T10
H_0042.png,/content/STANDUP_Database/healthy/RGB/H_0042.png,healthy,H_P41,T0
H_0043.png,/content/STANDUP_Database/healthy/RGB/H_0043.png,healthy,H_P41,T10
H_0044.png,/content/STANDUP_Database/healthy/RGB/H_0044.png,healthy,H_P42,T0
H_0045.png,/content/STANDUP_Database/healthy/RGB/H_0045.png,healthy,H_P42,T10
H_0046.png,/content/STANDUP_Database/healthy/RGB/H_0046.png,healthy,H_P43,T0
H_0047.png,/content/STANDUP_Database/healthy/RGB/H_0047.png,healthy,H_P43,T10
H_0048.png,/content/STANDUP_Database/healthy/RGB/H_0048.png,healthy,H_P44,T0
H_0049.png,/content/STANDUP_Database/healthy/RGB/H_0049.png,healthy,H_P44,T10
H_0050.png,/content/STANDUP_Database/healthy/RGB/H_0050.png,healthy,H_P45,T0
H_0051.png,/content/STANDUP_Database/healthy/RGB/H_0051.png,healthy,H_P45,T10
H_0052.png,/content/STANDUP_Database/healthy/RGB/H_0052.png,healthy,H_P46,T0
H_0053.png,/content/STANDUP_Database/healthy/RGB/H_0053.png,healthy,H_P46,T10
H_0054.png,/content/STANDUP_Database/healthy/RGB/H_0054.png,healthy,H_P47,T0
H_0055.png,/content/STANDUP_Database/healthy/RGB/H_0055.png,healthy,H_P47,T10
H_0056.png,/content/STANDUP_Database/healthy/RGB/H_0056.png,healthy,H_P48,T0
H_0057.png,/content/STANDUP_Database/healthy/RGB/H_0057.png,healthy,H_P48,T10
H_0058.png,/content/STANDUP_Database/healthy/RGB/H_0058.png,healthy,H_P49,T0
H_0059.png,/content/STANDUP_Database/healthy/RGB/H_0059.png,healthy,H_P49,T10
H_0060.png,/content/STANDUP_Database/healthy/RGB/H_0060.png,healthy,H_P50,T0
H_0061.png,/content/STANDUP_Database/healthy/RGB/H_0061.png,healthy,H_P50,T10
H_0062.png,/content/STANDUP_Database/healthy/RGB/H_0062.png,healthy,H_P51,T0
H_0063.png,/content/STANDUP_Database/healthy/RGB/H_0063.png,healthy,H_P51,T10
H_0064.png,/content/STANDUP_Database/healthy/RGB/H_0064.png,healthy,H_P52,T0
H_0065.png,/content/STANDUP_Database/healthy/RGB/H_0065.png,healthy,H_P52,T10
H_0066.png,/content/STANDUP_Database/healthy/RGB/H_0066.png,healthy,H_P53,T0
H_0067.png,/content/STANDUP_Database/healthy/RGB/H_0067.png,healthy,H_P53,T10
H_0068.png,/content/STANDUP_Database/healthy/RGB/H_0068.png,healthy,H_P54,T0
H_0069.png,/content/STANDUP_Database/healthy/RGB/H_0069.png,healthy,H_P54,T10
H_0070.png,/content/STANDUP_Database/healthy/RGB/H_0070.png,healthy,H_P55,T0
H_0071.png,/content/STANDUP_Database/healthy/RGB/H_0071.png,healthy,H_P55,T10
H_0072.png,/content/STANDUP_Database/healthy/RGB/H_0072.png,healthy,H_P56,T0
H_0073.png,/content/STANDUP_Database/healthy/RGB/H_0073.png,healthy,H_P56,T10
H_0074.png,/content/STANDUP_Database/healthy/RGB/H_0074.png,healthy,H_P57,T0
H_0075.png,/content/STANDUP_Database/healthy/RGB/H_0075.png,healthy,H_P57,T10
H_0076.png,/content/STANDUP_Database/healthy/RGB/H_0076.png,healthy,H_P58,T0
H_0077.png,/content/STANDUP_Database/healthy/RGB/H_0077.png,healthy,H_P58,T10
H_0078.png,/content/STANDUP_Database/healthy/RGB/H_0078.png,healthy,H_P59,T0
H_0079.png,/content/STANDUP_Database/healthy/RGB/H_0079.png,healthy,H_P59,T10
H_0080.png,/content/STANDUP_Database/healthy/RGB/H_0080.png,healthy,H_P60,T0
H_0081.png,/content/STANDUP_Database/healthy/RGB/H_0081.png,healthy,H_P60,T10
H_0082.png,/content/STANDUP_Database/healthy/RGB/H_0082.png,healthy,H_P61,T0
H_0083.png,/content/STANDUP_Database/healthy/RGB/H_0083.png,healthy,H_P61,T10
H_0084.png,/content/STANDUP_Database/healthy/RGB/H_0084.png,healthy,H_P62,T0
H_0085.png,/content/STANDUP_Database/healthy/RGB/H_0085.png,healthy,H_P62,T10
H_0086.png,/content/STANDUP_Database/healthy/RGB/H_0086.png,healthy,H_P63,T0
H_0087.png,/content/STANDUP_Database/healthy/RGB/H_0087.png,healthy,H_P63,T10
H_0088.png,/content/STANDUP_Database/healthy/RGB/H_0088.png,healthy,H_P64,T0
H_0089.png,/content/STANDUP_Database/healthy/RGB/H_0089.png,healthy,H_P64,T10
H_0090.png,/content/STANDUP_Database/healthy/RGB/H_0090.png,healthy,H_P65,T0
H_0091.png,/content/STANDUP_Database/healthy/RGB/H_0091.png,healthy,H_P65,T10
H_0092.png,/content/STANDUP_Database/healthy/RGB/H_0092.png,healthy,H_P66,T0
H_0093.png,/content/STANDUP_Database/healthy/RGB/H_0093.png,healthy,H_P66,T10
H_0094.png,/content/STANDUP_Database/healthy/RGB/H_0094.png,healthy,H_P67,T0
H_0095.png,/content/STANDUP_Database/healthy/RGB/H_0095.png,healthy,H_P67,T10
H_0096.png,/content/STANDUP_Database/healthy/RGB/H_0096.png,healthy,H_P68,T0
H_0097.png,/content/STANDUP_Database/healthy/RGB/H_0097.png,healthy,H_P68,T10
H_0098.png,/content/STANDUP_Database/healthy/RGB/H_0098.png,healthy,H_P69,T0
H_0099.png,/content/STANDUP_Database/healthy/RGB/H_0099.png,healthy,H_P69,T10
H_0100.png,/content/STANDUP_Database/healthy/RGB/H_0100.png,healthy,H_P70,T0
H_0101.png,/content/STANDUP_Database/healthy/RGB/H_0101.png,healthy,H_P70,T10
H_0102.png,/content/STANDUP_Database/healthy/RGB/H_0102.png,healthy,H_P71,T0
H_0103.png,/content/STANDUP_Database/healthy/RGB/H_0103.png,healthy,H_P71,T10
H_0104.png,/content/STANDUP_Database/healthy/RGB/H_0104.png,healthy,H_P72,T0
H_0105.png,/content/STANDUP_Database/healthy/RGB/H_0105.png,healthy,H_P72,T10
H_0106.png,/content/STANDUP_Database/healthy/RGB/H_0106.png,healthy,H_P73,T0
H_0107.png,/content/STANDUP_Database/healthy/RGB/H_0107.png,healthy,H_P73,T10
H_0108.png,/content/STANDUP_Database/healthy/RGB/H_0108.png,healthy,H_P74,T0
H_0109.png,/content/STANDUP_Database/healthy/RGB/H_0109.png,healthy,H_P74,T10
H_0110.png,/content/STANDUP_Database/healthy/RGB/H_0110.png,healthy,H_P75,T0
H_0111.png,/content/STANDUP_Database/healthy/RGB/H_0111.png,healthy,H_P75,T10
H_0112.png,/content/STANDUP_Database/healthy/RGB/H_0112.png,healthy,H_P76,T0
H_0113.png,/content/STANDUP_Database/healthy/RGB/H_0113.png,healthy,H_P76,T10
H_0114.png,/content/STANDUP_Database/healthy/RGB/H_0114.png,healthy,H_P77,T0
H_0115.png,/content/STANDUP_Database/healthy/RGB/H_0115.png,healthy,H_P77,T10
H_0116.png,/content/STANDUP_Database/healthy/RGB/H_0116.png,healthy,H_P78,T0
H_0117.png,/content/STANDUP_Database/healthy/RGB/H_0117.png,healthy,H_P78,T10
H_0118.png,/content/STANDUP_Database/healthy/RGB/H_0118.png,healthy,H_P79,T0
H_0119.png,/content/STANDUP_Database/healthy/RGB/H_0119.png,healthy,H_P79,T10
H_0120.png,/content/STANDUP_Database/healthy/RGB/H_0120.png,healthy,H_P80,T0
H_0121.png,/content/STANDUP_Database/healthy/RGB/H_0121.png,healthy,H_P80,T10
H_0122.png,/content/STANDUP_Database/healthy/RGB/H_0122.png,healthy,H_P81,T0
H_0123.png,/content/STANDUP_Database/healthy/RGB/H_0123.png,healthy,H_P81,T10
H_0124.png,/content/STANDUP_Database/healthy/RGB/H_0124.png,healthy,H_P82,T0
H_0125.png,/content/STANDUP_Database/healthy/RGB/H_0125.png,healthy,H_P82,T10
